table_schema,table_name,approx_rows
factset_common,shrk_amendment_type_map,0
factset_common,wrds_securities_v3,0
factset_common,wrds_securities,0
factset_common,unit_amount_map,0
factset_common,sym_xc_isin,0
factset_common,sym_ticker_region_hist,0
factset_common,sym_ticker_region,0
factset_common,sym_ticker_exchange_hist,0
factset_common,sym_ticker_exchange,0
factset_common,sym_sedol,0
factset_common,sym_sec_entity,0
factset_common,sym_region,0
factset_common,sym_people,0
factset_common,sym_legacy_perm_id,0
factset_common,sym_isin_hist,0
factset_common,sym_isin,0
factset_common,sym_entity_sector_rbics,0
factset_common,sym_entity_sector,0
factset_common,sym_entity,0
factset_common,sym_cusip_hist,0
factset_common,sym_cusip,0
factset_common,sym_coverage,0
factset_common,sym_address,0
factset_common,state_prov_coord_map,0
factset_common,state_province_map,0
factset_common,source_map,0
factset_common,sic_map,0
factset_common,shrk_winner_map,0
factset_common,shrk_vote_req_map,0
factset_common,shrk_vote_pass_map,0
factset_common,shrk_value_obj_map,0
factset_common,shrk_special_exhibit_map,0
factset_common,shrk_source_type_map,0
factset_common,shrk_recommend_type_map,0
factset_common,shrk_proposal_type_map,0
factset_common,shrk_proposal_sub_map,0
factset_common,shrk_proposal_cat_map,0
factset_common,shrk_pill_version_type_map,0
factset_common,shrk_pill_type_map,0
factset_common,shrk_pill_status_map,0
factset_common,shrk_meeting_type_map,0
factset_common,shrk_gov_obj_map,0
factset_common,shrk_frq_rec_map,0
factset_common,shrk_election_source_map,0
factset_common,shrk_cg_source_map,0
factset_common,shrk_cg_amendment_type_map,0
factset_common,shrk_ca_defense_map,0
factset_common,shrk_ca_activist_map,0
factset_common,shrk_ca_activism_map,0
factset_common,shrk_campaign_type_map,0
factset_common,shrk_campaign_status_map,0
factset_common,shrk_anr_event_map,0
factset_common,affiliate_type_map,0
factset_common,asset_class_map,0
factset_common,audit_type_map,0
factset_common,ca_div_freq_qual_map,0
factset_common,ca_div_type_map,0
factset_common,ca_event_type_map,0
factset_common,ce_audio_source_map,0
factset_common,ce_event_type_map,0
factset_common,ce_fiscal_period_map,0
factset_common,ce_market_time_map,0
factset_common,cic_classification_map,0
factset_common,country_coord_map,0
factset_common,country_map,0
factset_common,dcs_category_map,0
factset_common,dcs_coupon_map,0
factset_common,dcs_debt_map,0
factset_common,dcs_fiscal_year_map,0
factset_common,dcs_reporting_period_map,0
factset_common,dcs_seniority_map,0
factset_common,dcs_summary_map,0
factset_common,econ_category_map,0
factset_common,econ_concept_map,0
factset_common,econ_country_inclusion,0
factset_common,econ_event_type_map,0
factset_common,econ_frequency_map,0
factset_common,econ_importance_ind_map,0
factset_common,econ_indicator_map,0
factset_common,econ_region_map,0
factset_common,econ_source_map,0
factset_common,econ_subcategory_map,0
factset_common,econ_unit_amounts_map,0
factset_common,edm_standard_address,0
factset_common,edm_standard_entity,0
factset_common,edm_standard_entity_identifiers,0
factset_common,edm_standard_entity_naics_rank,0
factset_common,edm_standard_entity_structure,0
factset_common,ekey_category_map,0
factset_common,ekey_source_map,0
factset_common,ekey_subcategory_map,0
factset_common,entity_profile_type_map,0
factset_common,entity_relation_type_map,0
factset_common,entity_status_map,0
factset_common,entity_sub_type_map,0
factset_common,entity_type_map,0
factset_common,etf_fund_category_map,0
factset_common,etf_fund_focus_map,0
factset_common,etf_fund_niche_map,0
factset_common,etf_geo_exposure_map,0
factset_common,etf_legal_struct_map,0
factset_common,etf_select_crit_map,0
factset_common,etf_strategy_map,0
factset_common,etf_weight_scheme_map,0
factset_common,factset_industry_map,0
factset_common,factset_sector_map,0
factset_common,fe_actualflag_map,0
factset_common,fe_cmtsubid_map,0
factset_common,fe_item,0
factset_common,fe_item_map,0
factset_common,fe_revisionflag_map,0
factset_common,ff_accounting_standard_map,0
factset_common,ff_auditor_opinion_map,0
factset_common,ff_balance_model,0
factset_common,ff_balance_model_ind,0
factset_common,ff_balance_model_rpt_map,0
factset_common,ff_entity_profiles,0
factset_common,ff_financial_stmt_map,0
factset_common,ff_fp_ind_map,0
factset_common,ff_gen_ind_map,0
factset_common,ff_metadata,0
factset_common,ff_report_freq_map,0
factset_common,ff_sec_coverage,0
factset_common,ff_sec_entity,0
factset_common,ff_sec_entity_hist,0
factset_common,ff_sec_map,0
factset_common,ff_stitch_af,0
factset_common,ff_stitch_ltm,0
factset_common,ff_stitch_qf,0
factset_common,ff_stitch_saf,0
factset_common,fp_div_ngflag_map,0
factset_common,fp_div_tax_marker_map,0
factset_common,fp_div_type_map,0
factset_common,fp_sec_type_map,0
factset_common,fref_security_type_map,0
factset_common,fref_sec_exchange_map,0
factset_common,frequency_map,0
factset_common,fund_type_map,0
factset_common,fut_unit_map,0
factset_common,fx_rates_hist,0
factset_common,fx_rates_usd,0
factset_common,generic_holding_id_map,0
factset_common,generic_id_map,0
factset_common,hier_product_type_map,0
factset_common,hts_code_map,0
factset_common,h_entity,0
factset_common,h_entity_sector,0
factset_common,h_security_cusip,0
factset_common,h_security_cusip_hist,0
factset_common,h_security_isin,0
factset_common,h_security_sedol,0
factset_common,h_security_sedol_hist,0
factset_common,h_security_ticker_exchange,0
factset_common,h_security_ticker_region,0
factset_common,insider_tran_map,0
factset_common,invt_obj_asset_type_map,0
factset_common,invt_obj_map,0
factset_common,invt_obj_specialization_map,0
factset_common,iso_currency_map,0
factset_common,issue_type_map,0
factset_common,list_map,0
factset_common,ma_acq_purpose_map,0
factset_common,ma_closing_status_map,0
factset_common,ma_company_role_map,0
factset_common,ma_deal_attitude_map,0
factset_common,ma_deal_type_map,0
factset_common,ma_profession_role_map,0
factset_common,ma_profession_type_map,0
factset_common,ma_term_change_types_map,0
factset_common,metro_map,0
factset_common,mic_exchange_map,0
factset_common,nace_classification_map,0
factset_common,naics6_map,0
factset_common,period_type_map,0
factset_common,pe_event_id_map,0
factset_common,pe_fund_status_map,0
factset_common,pe_fund_type_map,0
factset_common,pe_instrument_map,0
factset_common,pe_security_categories_map,0
factset_common,pe_transaction_map,0
factset_common,ppl_asset_type_map,0
factset_common,ppl_board_committee_map,0
factset_common,ppl_bus_map,0
factset_common,ppl_job_function_map,0
factset_common,ppl_region_map,0
factset_common,ppl_special_area_map,0
factset_common,rbics_structure_l2_curr,0
factset_common,ref_metadata_codes,0
factset_common,ref_metadata_fields,0
factset_common,ref_metadata_packages,0
factset_common,ref_metadata_tables,0
factset_common,region_map,0
factset_common,relationship_type_map,0
factset_common,resolution_map,0
factset_common,sc_ship_unit_map,0
factset_common,shrk_advisor_type_map,0
factset_common_old,sym_address,0
factset_common_old,affiliate_type_map,0
factset_common_old,asset_class_map,0
factset_common_old,audit_type_map,0
factset_common_old,ca_div_freq_qual_map,0
factset_common_old,ca_div_type_map,0
factset_common_old,ca_event_type_map,0
factset_common_old,ce_audio_source_map,0
factset_common_old,ce_event_type_map,0
factset_common_old,ce_fiscal_period_map,0
factset_common_old,ce_market_time_map,0
factset_common_old,cic_classification_map,0
factset_common_old,country_coord_map,0
factset_common_old,country_map,0
factset_common_old,dcs_category_map,0
factset_common_old,dcs_coupon_map,0
factset_common_old,dcs_debt_map,0
factset_common_old,dcs_fiscal_year_map,0
factset_common_old,dcs_reporting_period_map,0
factset_common_old,dcs_seniority_map,0
factset_common_old,dcs_summary_map,0
factset_common_old,econ_category_map,0
factset_common_old,econ_concept_map,0
factset_common_old,econ_country_inclusion,0
factset_common_old,econ_event_type_map,0
factset_common_old,econ_frequency_map,0
factset_common_old,econ_importance_ind_map,0
factset_common_old,econ_indicator_map,0
factset_common_old,econ_region_map,0
factset_common_old,econ_source_map,0
factset_common_old,econ_subcategory_map,0
factset_common_old,econ_unit_amounts_map,0
factset_common_old,edm_standard_address,0
factset_common_old,edm_standard_entity,0
factset_common_old,edm_standard_entity_identifiers,0
factset_common_old,edm_standard_entity_naics_rank,0
factset_common_old,edm_standard_entity_structure,0
factset_common_old,ekey_category_map,0
factset_common_old,ekey_source_map,0
factset_common_old,ekey_subcategory_map,0
factset_common_old,entity_profile_type_map,0
factset_common_old,entity_relation_type_map,0
factset_common_old,entity_status_map,0
factset_common_old,entity_sub_type_map,0
factset_common_old,entity_type_map,0
factset_common_old,etf_fund_category_map,0
factset_common_old,etf_fund_focus_map,0
factset_common_old,etf_fund_niche_map,0
factset_common_old,etf_geo_exposure_map,0
factset_common_old,etf_legal_struct_map,0
factset_common_old,etf_select_crit_map,0
factset_common_old,etf_strategy_map,0
factset_common_old,etf_weight_scheme_map,0
factset_common_old,factset_industry_map,0
factset_common_old,factset_sector_map,0
factset_common_old,fe_actualflag_map,0
factset_common_old,fe_cmtsubid_map,0
factset_common_old,fe_item,0
factset_common_old,fe_item_map,0
factset_common_old,fe_revisionflag_map,0
factset_common_old,ff_accounting_standard_map,0
factset_common_old,ff_auditor_opinion_map,0
factset_common_old,ff_balance_model,0
factset_common_old,ff_balance_model_ind,0
factset_common_old,ff_balance_model_rpt_map,0
factset_common_old,ff_entity_profiles,0
factset_common_old,ff_financial_stmt_map,0
factset_common_old,ff_fp_ind_map,0
factset_common_old,ff_gen_ind_map,0
factset_common_old,ff_metadata,0
factset_common_old,ff_report_freq_map,0
factset_common_old,ff_sec_coverage,0
factset_common_old,ff_sec_entity,0
factset_common_old,ff_sec_entity_hist,0
factset_common_old,ff_sec_map,0
factset_common_old,ff_stitch_af,0
factset_common_old,ff_stitch_ltm,0
factset_common_old,ff_stitch_qf,0
factset_common_old,ff_stitch_saf,0
factset_common_old,fp_div_ngflag_map,0
factset_common_old,fp_div_tax_marker_map,0
factset_common_old,fp_div_type_map,0
factset_common_old,fp_sec_type_map,0
factset_common_old,fref_security_type_map,0
factset_common_old,fref_sec_exchange_map,0
factset_common_old,frequency_map,0
factset_common_old,fund_type_map,0
factset_common_old,fut_unit_map,0
factset_common_old,fx_rates_hist,0
factset_common_old,fx_rates_usd,0
factset_common_old,generic_holding_id_map,0
factset_common_old,generic_id_map,0
factset_common_old,hier_product_type_map,0
factset_common_old,hts_code_map,0
factset_common_old,h_entity,0
factset_common_old,h_entity_sector,0
factset_common_old,h_security_cusip,0
factset_common_old,h_security_cusip_hist,0
factset_common_old,h_security_isin,0
factset_common_old,h_security_sedol,0
factset_common_old,h_security_sedol_hist,0
factset_common_old,h_security_ticker_exchange,0
factset_common_old,h_security_ticker_region,0
factset_common_old,insider_tran_map,0
factset_common_old,invt_obj_asset_type_map,0
factset_common_old,invt_obj_map,0
factset_common_old,invt_obj_specialization_map,0
factset_common_old,iso_currency_map,0
factset_common_old,issue_type_map,0
factset_common_old,list_map,0
factset_common_old,ma_acq_purpose_map,0
factset_common_old,ma_closing_status_map,0
factset_common_old,ma_company_role_map,0
factset_common_old,ma_deal_attitude_map,0
factset_common_old,ma_deal_type_map,0
factset_common_old,ma_profession_role_map,0
factset_common_old,ma_profession_type_map,0
factset_common_old,ma_term_change_types_map,0
factset_common_old,metro_map,0
factset_common_old,mic_exchange_map,0
factset_common_old,nace_classification_map,0
factset_common_old,naics6_map,0
factset_common_old,period_type_map,0
factset_common_old,pe_event_id_map,0
factset_common_old,pe_fund_status_map,0
factset_common_old,pe_fund_type_map,0
factset_common_old,pe_instrument_map,0
factset_common_old,pe_security_categories_map,0
factset_common_old,pe_transaction_map,0
factset_common_old,ppl_asset_type_map,0
factset_common_old,ppl_board_committee_map,0
factset_common_old,ppl_bus_map,0
factset_common_old,ppl_job_function_map,0
factset_common_old,ppl_region_map,0
factset_common_old,ppl_special_area_map,0
factset_common_old,rbics_structure_l2_curr,0
factset_common_old,ref_metadata_codes,0
factset_common_old,ref_metadata_fields,0
factset_common_old,ref_metadata_packages,0
factset_common_old,ref_metadata_tables,0
factset_common_old,region_map,0
factset_common_old,relationship_type_map,0
factset_common_old,resolution_map,0
factset_common_old,sc_ship_unit_map,0
factset_common_old,shrk_advisor_type_map,0
factset_common_old,shrk_amendment_type_map,0
factset_common_old,shrk_anr_event_map,0
factset_common_old,shrk_campaign_status_map,0
factset_common_old,shrk_campaign_type_map,0
factset_common_old,shrk_ca_activism_map,0
factset_common_old,shrk_ca_activist_map,0
factset_common_old,shrk_ca_defense_map,0
factset_common_old,shrk_cg_amendment_type_map,0
factset_common_old,shrk_cg_source_map,0
factset_common_old,shrk_election_source_map,0
factset_common_old,shrk_frq_rec_map,0
factset_common_old,shrk_gov_obj_map,0
factset_common_old,shrk_meeting_type_map,0
factset_common_old,shrk_pill_status_map,0
factset_common_old,shrk_pill_type_map,0
factset_common_old,shrk_pill_version_type_map,0
factset_common_old,shrk_proposal_cat_map,0
factset_common_old,shrk_proposal_sub_map,0
factset_common_old,shrk_proposal_type_map,0
factset_common_old,shrk_recommend_type_map,0
factset_common_old,shrk_source_type_map,0
factset_common_old,shrk_special_exhibit_map,0
factset_common_old,shrk_value_obj_map,0
factset_common_old,shrk_vote_pass_map,0
factset_common_old,shrk_vote_req_map,0
factset_common_old,shrk_winner_map,0
factset_common_old,sic_map,0
factset_common_old,source_map,0
factset_common_old,state_province_map,0
factset_common_old,state_prov_coord_map,0
factset_common_old,sym_coverage,0
factset_common_old,sym_cusip,0
factset_common_old,sym_cusip_hist,0
factset_common_old,sym_entity,0
factset_common_old,sym_entity_sector,0
factset_common_old,sym_entity_sector_rbics,0
factset_common_old,sym_isin,0
factset_common_old,sym_isin_hist,0
factset_common_old,sym_legacy_perm_id,0
factset_common_old,sym_people,0
factset_common_old,sym_region,0
factset_common_old,sym_sec_entity,0
factset_common_old,sym_sedol,0
factset_common_old,sym_ticker_exchange,0
factset_common_old,sym_ticker_exchange_hist,0
factset_common_old,sym_ticker_region,0
factset_common_old,sym_ticker_region_hist,0
factset_common_old,sym_xc_isin,0
factset_common_old,unit_amount_map,0
factset_common_old,wrds_securities,0
factset_common_old,wrds_securities_v3,0
factset_ff_int,ff_basic_der_ytd_ap,0
factset_ff_int,ff_basic_der_saf_eu,0
factset_ff_int,ff_basic_der_saf_ap,0
factset_ff_int,ff_basic_der_r_ytd_eu,0
factset_ff_int,ff_basic_der_r_ytd_ap,0
factset_ff_int,ff_basic_der_r_saf_eu,0
factset_ff_int,ff_basic_der_r_saf_ap,0
factset_ff_int,ff_basic_der_r_qf_eu,0
factset_ff_int,ff_basic_der_r_qf_ap,0
factset_ff_int,ff_basic_der_r_ltm_eu,0
factset_ff_int,ff_basic_der_r_ltm_ap,0
factset_ff_int,ff_basic_der_r_af_eu,0
factset_ff_int,ff_basic_der_r_af_ap,0
factset_ff_int,ff_basic_der_qf_eu,0
factset_ff_int,ff_basic_der_qf_ap,0
factset_ff_int,ff_basic_der_ltm_eu,0
factset_ff_int,ff_basic_der_ltm_ap,0
factset_ff_int,ff_basic_der_af_eu,0
factset_ff_int,ff_basic_der_af_ap,0
factset_ff_int,ff_basic_cf_eu,0
factset_ff_int,ff_basic_cf_ap,0
factset_ff_int,ff_basic_af_eu,0
factset_ff_int,ff_basic_af_ap,0
factset_ff_int,ff_auditors_int,0
factset_ff_int,ff_advanced_ytd_eu,0
factset_ff_int,ff_advanced_ytd_ap,0
factset_ff_int,ff_advanced_saf_eu,0
factset_ff_int,ff_advanced_saf_ap,0
factset_ff_int,ff_advanced_r_ytd_eu,0
factset_ff_int,ff_advanced_r_ytd_ap,0
factset_ff_int,ff_advanced_r_saf_eu,0
factset_ff_int,ff_advanced_r_saf_ap,0
factset_ff_int,ff_advanced_r_qf_eu,0
factset_ff_int,ff_advanced_r_qf_ap,0
factset_ff_int,ff_advanced_r_ltm_eu,0
factset_ff_int,ff_advanced_r_ltm_ap,0
factset_ff_int,ff_advanced_r_af_eu,0
factset_ff_int,ff_advanced_r_af_ap,0
factset_ff_int,ff_advanced_qf_eu,0
factset_ff_int,ff_advanced_qf_ap,0
factset_ff_int,ff_advanced_ltm_eu,0
factset_ff_int,ff_advanced_ltm_ap,0
factset_ff_int,ff_advanced_der_ytd_eu,0
factset_ff_int,ff_advanced_der_ytd_ap,0
factset_ff_int,ff_advanced_der_saf_eu,0
factset_ff_int,ff_advanced_der_saf_ap,0
factset_ff_int,ff_advanced_der_r_ytd_eu,0
factset_ff_int,ff_advanced_der_r_ytd_ap,0
factset_ff_int,ff_advanced_der_r_saf_eu,0
factset_ff_int,ff_advanced_der_r_saf_ap,0
factset_ff_int,ff_advanced_der_r_qf_eu,0
factset_ff_int,ff_advanced_der_af_eu,0
factset_ff_int,ff_advanced_der_ltm_ap,0
factset_ff_int,ff_advanced_der_ltm_eu,0
factset_ff_int,ff_advanced_der_qf_ap,0
factset_ff_int,ff_advanced_der_qf_eu,0
factset_ff_int,ff_advanced_der_r_af_ap,0
factset_ff_int,ff_advanced_der_r_af_eu,0
factset_ff_int,ff_advanced_der_r_ltm_ap,0
factset_ff_int,ff_advanced_der_r_ltm_eu,0
factset_ff_int,ff_advanced_der_r_qf_ap,0
factset_ff_int,ff_advanced_af_eu,0
factset_ff_int,ff_advanced_der_af_ap,0
factset_ff_int,wrds_fund_saf_int_v3,0
factset_ff_int,wrds_fund_r_af_int_v3,0
factset_ff_int,wrds_fund_qf_int_v3,0
factset_ff_int,wrds_fund_ltm_int_v3,0
factset_ff_int,wrds_fund_af_int_v3,0
factset_ff_int,wrds_ffheader_int_v3,0
factset_ff_int,monthly_prices_final_int_v3,0
factset_ff_int,ff_segreg_af_eu,0
factset_ff_int,ff_segreg_af_ap,0
factset_ff_int,ff_segbus_af_eu,0
factset_ff_int,ff_segbus_af_ap,0
factset_ff_int,ff_sec_map_int,0
factset_ff_int,ff_basic_ytd_eu,0
factset_ff_int,ff_basic_ytd_ap,0
factset_ff_int,ff_basic_saf_eu,0
factset_ff_int,ff_basic_saf_ap,0
factset_ff_int,ff_basic_r_ytd_eu,0
factset_ff_int,ff_basic_r_ytd_ap,0
factset_ff_int,cs3_monthly_prices_final_int,0
factset_ff_int,ff_basic_r_saf_eu,0
factset_ff_int,ff_basic_r_saf_ap,0
factset_ff_int,ff_basic_r_qf_eu,0
factset_ff_int,ff_advanced_af_ap,0
factset_ff_int,ff_basic_r_qf_ap,0
factset_ff_int,ff_basic_r_ltm_eu,0
factset_ff_int,ff_basic_r_ltm_ap,0
factset_ff_int,ff_basic_r_af_eu,0
factset_ff_int,ff_basic_r_af_ap,0
factset_ff_int,ff_basic_qf_eu,0
factset_ff_int,ff_basic_qf_ap,0
factset_ff_int,ff_basic_ltm_eu,0
factset_ff_int,ff_basic_ltm_ap,0
factset_ff_int,ff_basic_der_ytd_eu,0
factset_ff_int_old,wrds_fund_qf_int_v3,0
factset_ff_int_old,wrds_fund_saf_int_v3,0
factset_ff_int_old,ff_basic_der_af_ap,0
factset_ff_int_old,ff_basic_cf_eu,0
factset_ff_int_old,ff_basic_cf_ap,0
factset_ff_int_old,ff_advanced_r_qf_eu,0
factset_ff_int_old,ff_advanced_r_qf_ap,0
factset_ff_int_old,ff_advanced_r_ltm_eu,0
factset_ff_int_old,ff_advanced_r_ltm_ap,0
factset_ff_int_old,ff_advanced_r_af_eu,0
factset_ff_int_old,cs3_monthly_prices_final_int,0
factset_ff_int_old,ff_advanced_af_ap,0
factset_ff_int_old,ff_advanced_af_eu,0
factset_ff_int_old,ff_advanced_der_af_ap,0
factset_ff_int_old,ff_advanced_der_af_eu,0
factset_ff_int_old,ff_advanced_der_ltm_ap,0
factset_ff_int_old,ff_advanced_der_ltm_eu,0
factset_ff_int_old,ff_advanced_der_qf_ap,0
factset_ff_int_old,ff_advanced_der_qf_eu,0
factset_ff_int_old,ff_advanced_der_r_af_ap,0
factset_ff_int_old,ff_advanced_der_r_af_eu,0
factset_ff_int_old,ff_advanced_der_r_ltm_ap,0
factset_ff_int_old,ff_advanced_der_r_ltm_eu,0
factset_ff_int_old,ff_advanced_der_r_qf_ap,0
factset_ff_int_old,ff_advanced_der_r_qf_eu,0
factset_ff_int_old,ff_advanced_der_r_saf_ap,0
factset_ff_int_old,ff_advanced_der_r_saf_eu,0
factset_ff_int_old,ff_advanced_der_r_ytd_ap,0
factset_ff_int_old,ff_advanced_der_r_ytd_eu,0
factset_ff_int_old,ff_advanced_der_saf_ap,0
factset_ff_int_old,ff_advanced_der_saf_eu,0
factset_ff_int_old,ff_advanced_der_ytd_ap,0
factset_ff_int_old,ff_advanced_der_ytd_eu,0
factset_ff_int_old,ff_advanced_ltm_ap,0
factset_ff_int_old,ff_advanced_ltm_eu,0
factset_ff_int_old,ff_advanced_qf_ap,0
factset_ff_int_old,ff_advanced_qf_eu,0
factset_ff_int_old,ff_advanced_r_af_ap,0
factset_ff_int_old,ff_basic_af_eu,0
factset_ff_int_old,ff_basic_af_ap,0
factset_ff_int_old,ff_auditors_int,0
factset_ff_int_old,ff_advanced_ytd_eu,0
factset_ff_int_old,ff_advanced_ytd_ap,0
factset_ff_int_old,ff_advanced_saf_eu,0
factset_ff_int_old,ff_advanced_saf_ap,0
factset_ff_int_old,ff_advanced_r_ytd_eu,0
factset_ff_int_old,ff_advanced_r_ytd_ap,0
factset_ff_int_old,ff_advanced_r_saf_eu,0
factset_ff_int_old,ff_advanced_r_saf_ap,0
factset_ff_int_old,ff_basic_der_ltm_ap,0
factset_ff_int_old,ff_basic_der_ltm_eu,0
factset_ff_int_old,ff_basic_der_qf_ap,0
factset_ff_int_old,ff_basic_der_qf_eu,0
factset_ff_int_old,ff_basic_der_r_af_ap,0
factset_ff_int_old,ff_basic_der_r_af_eu,0
factset_ff_int_old,ff_basic_der_r_ltm_ap,0
factset_ff_int_old,ff_basic_der_r_ltm_eu,0
factset_ff_int_old,ff_basic_der_r_qf_ap,0
factset_ff_int_old,ff_basic_der_r_qf_eu,0
factset_ff_int_old,ff_basic_der_r_saf_ap,0
factset_ff_int_old,ff_basic_der_r_saf_eu,0
factset_ff_int_old,ff_basic_der_r_ytd_ap,0
factset_ff_int_old,ff_basic_der_r_ytd_eu,0
factset_ff_int_old,ff_basic_der_saf_ap,0
factset_ff_int_old,ff_basic_der_saf_eu,0
factset_ff_int_old,ff_basic_der_af_eu,0
factset_ff_int_old,ff_basic_der_ytd_ap,0
factset_ff_int_old,ff_basic_der_ytd_eu,0
factset_ff_int_old,ff_basic_ltm_ap,0
factset_ff_int_old,ff_basic_ltm_eu,0
factset_ff_int_old,ff_basic_qf_ap,0
factset_ff_int_old,ff_basic_qf_eu,0
factset_ff_int_old,ff_basic_r_af_ap,0
factset_ff_int_old,ff_basic_r_af_eu,0
factset_ff_int_old,ff_basic_r_ltm_ap,0
factset_ff_int_old,ff_basic_r_ltm_eu,0
factset_ff_int_old,ff_basic_r_qf_ap,0
factset_ff_int_old,ff_basic_r_qf_eu,0
factset_ff_int_old,ff_basic_r_saf_ap,0
factset_ff_int_old,ff_basic_r_saf_eu,0
factset_ff_int_old,ff_basic_r_ytd_ap,0
factset_ff_int_old,ff_basic_r_ytd_eu,0
factset_ff_int_old,ff_basic_saf_ap,0
factset_ff_int_old,ff_basic_saf_eu,0
factset_ff_int_old,ff_basic_ytd_ap,0
factset_ff_int_old,ff_basic_ytd_eu,0
factset_ff_int_old,ff_sec_map_int,0
factset_ff_int_old,ff_segbus_af_ap,0
factset_ff_int_old,ff_segbus_af_eu,0
factset_ff_int_old,ff_segreg_af_ap,0
factset_ff_int_old,ff_segreg_af_eu,0
factset_ff_int_old,monthly_prices_final_int_v3,0
factset_ff_int_old,wrds_ffheader_int_v3,0
factset_ff_int_old,wrds_fund_af_int_v3,0
factset_ff_int_old,wrds_fund_ltm_int_v3,0
factset_ff_int_old,wrds_fund_r_af_int_v3,0
factset_ff_usc,ff_advanced_r_saf_am,0
factset_ff_usc,ff_basic_der_saf_am,0
factset_ff_usc,ff_advanced_r_ytd_am,0
factset_ff_usc,ff_basic_der_ytd_am,0
factset_ff_usc,ff_basic_saf_am,0
factset_ff_usc,ff_basic_ltm_am,0
factset_ff_usc,ff_advanced_saf_am,0
factset_ff_usc,wrds_fund_saf_usc_v3,0
factset_ff_usc,wrds_fund_r_af_usc_v3,0
factset_ff_usc,wrds_fund_qf_usc_v3,0
factset_ff_usc,wrds_fund_ltm_usc_v3,0
factset_ff_usc,wrds_fund_af_usc_v3,0
factset_ff_usc,ff_advanced_af_am,0
factset_ff_usc,ff_advanced_der_af_am,0
factset_ff_usc,wrds_ffheader_usc_v3,0
factset_ff_usc,ff_advanced_der_ltm_am,0
factset_ff_usc,ff_advanced_der_qf_am,0
factset_ff_usc,ff_advanced_der_r_af_am,0
factset_ff_usc,ff_advanced_der_r_ltm_am,0
factset_ff_usc,monthly_prices_final_usc_v3,0
factset_ff_usc,ff_advanced_der_r_qf_am,0
factset_ff_usc,ff_segreg_af_am,0
factset_ff_usc,ff_advanced_ytd_am,0
factset_ff_usc,cs3_monthly_prices_final_usc,0
factset_ff_usc,ff_basic_r_ytd_am,0
factset_ff_usc,ff_basic_qf_am,0
factset_ff_usc,ff_advanced_der_r_saf_am,0
factset_ff_usc,ff_basic_r_af_am,0
factset_ff_usc,ff_basic_r_saf_am,0
factset_ff_usc,ff_basic_af_am,0
factset_ff_usc,ff_basic_r_qf_am,0
factset_ff_usc,ff_basic_r_ltm_am,0
factset_ff_usc,ff_basic_cf_am,0
factset_ff_usc,ff_basic_der_af_am,0
factset_ff_usc,ff_basic_der_ltm_am,0
factset_ff_usc,ff_segbus_af_am,0
factset_ff_usc,ff_advanced_der_r_ytd_am,0
factset_ff_usc,ff_basic_der_qf_am,0
factset_ff_usc,ff_advanced_der_saf_am,0
factset_ff_usc,ff_advanced_der_ytd_am,0
factset_ff_usc,ff_sec_map_usc,0
factset_ff_usc,ff_basic_der_r_af_am,0
factset_ff_usc,ff_advanced_ltm_am,0
factset_ff_usc,ff_basic_ytd_am,0
factset_ff_usc,ff_advanced_qf_am,0
factset_ff_usc,ff_basic_der_r_ltm_am,0
factset_ff_usc,ff_basic_der_r_qf_am,0
factset_ff_usc,ff_advanced_r_af_am,0
factset_ff_usc,ff_basic_der_r_saf_am,0
factset_ff_usc,ff_advanced_r_ltm_am,0
factset_ff_usc,ff_basic_der_r_ytd_am,0
factset_ff_usc,ff_advanced_r_qf_am,0
factset_ff_usc_old,ff_advanced_r_qf_am,0
factset_ff_usc_old,cs3_monthly_prices_final_usc,0
factset_ff_usc_old,ff_advanced_af_am,0
factset_ff_usc_old,ff_advanced_der_af_am,0
factset_ff_usc_old,ff_advanced_der_ltm_am,0
factset_ff_usc_old,ff_advanced_der_qf_am,0
factset_ff_usc_old,ff_advanced_der_r_af_am,0
factset_ff_usc_old,ff_advanced_der_r_ltm_am,0
factset_ff_usc_old,ff_advanced_der_r_qf_am,0
factset_ff_usc_old,ff_advanced_der_r_saf_am,0
factset_ff_usc_old,ff_advanced_der_r_ytd_am,0
factset_ff_usc_old,ff_advanced_der_saf_am,0
factset_ff_usc_old,ff_advanced_der_ytd_am,0
factset_ff_usc_old,ff_advanced_ltm_am,0
factset_ff_usc_old,ff_advanced_qf_am,0
factset_ff_usc_old,ff_advanced_r_af_am,0
factset_ff_usc_old,ff_advanced_r_ltm_am,0
factset_ff_usc_old,ff_advanced_r_saf_am,0
factset_ff_usc_old,ff_advanced_r_ytd_am,0
factset_ff_usc_old,ff_advanced_saf_am,0
factset_ff_usc_old,ff_advanced_ytd_am,0
factset_ff_usc_old,ff_basic_af_am,0
factset_ff_usc_old,ff_basic_cf_am,0
factset_ff_usc_old,ff_basic_der_af_am,0
factset_ff_usc_old,ff_basic_der_ltm_am,0
factset_ff_usc_old,ff_basic_der_qf_am,0
factset_ff_usc_old,ff_basic_der_r_af_am,0
factset_ff_usc_old,ff_basic_der_r_ltm_am,0
factset_ff_usc_old,ff_basic_der_r_qf_am,0
factset_ff_usc_old,ff_basic_der_r_saf_am,0
factset_ff_usc_old,ff_basic_der_r_ytd_am,0
factset_ff_usc_old,ff_basic_der_saf_am,0
factset_ff_usc_old,ff_basic_der_ytd_am,0
factset_ff_usc_old,ff_basic_ltm_am,0
factset_ff_usc_old,ff_basic_qf_am,0
factset_ff_usc_old,ff_basic_r_af_am,0
factset_ff_usc_old,ff_basic_r_ltm_am,0
factset_ff_usc_old,ff_basic_r_qf_am,0
factset_ff_usc_old,ff_basic_r_saf_am,0
factset_ff_usc_old,ff_basic_r_ytd_am,0
factset_ff_usc_old,ff_basic_saf_am,0
factset_ff_usc_old,ff_basic_ytd_am,0
factset_ff_usc_old,ff_sec_map_usc,0
factset_ff_usc_old,ff_segbus_af_am,0
factset_ff_usc_old,ff_segreg_af_am,0
factset_ff_usc_old,monthly_prices_final_usc_v3,0
factset_ff_usc_old,wrds_ffheader_usc_v3,0
factset_ff_usc_old,wrds_fund_af_usc_v3,0
factset_ff_usc_old,wrds_fund_ltm_usc_v3,0
factset_ff_usc_old,wrds_fund_qf_usc_v3,0
factset_ff_usc_old,wrds_fund_r_af_usc_v3,0
factset_ff_usc_old,wrds_fund_saf_usc_v3,0
factset_own,own_ent_13f_combined_inst,0
factset_own,wrds_own_fund,0
factset_own,wrds_own_13f,0
factset_own,wrds_holdings_by_security_msci,0
factset_own,wrds_holdings_by_firm_msci,0
factset_own,own_uksr_detail_eq,0
factset_own,own_uksr_cust_detail_eq,0
factset_own,own_stakes_detail_eq,0
factset_own,own_sec_prices_eq,0
factset_own,own_sec_map_eq,0
factset_own,own_sec_entity_hist_eq,0
factset_own,own_sec_entity_eq,0
factset_own,own_sec_coverage_eq,0
factset_own,own_sec_adr_ord_ratio_eq,0
factset_own,own_sec_13f_reportable_eq,0
factset_own,own_inst_stakes_detail_eq,0
factset_own,own_inst_13f_detail_eq,0
factset_own,own_insider_trans_eq,0
factset_own,own_fund_generic_summary_fi,0
factset_own,own_fund_generic_eq,0
factset_own,own_fund_detail_eq,0
factset_own,own_ent_inst_profiles,0
factset_own,own_ent_inst_identifiers,0
factset_own,own_ent_institutions,0
factset_own,own_ent_fund_objectives,0
factset_own,own_ent_fund_managers,0
factset_own,own_ent_fund_identifiers,0
factset_own,own_ent_fund_filing_hist,0
factset_own,own_ent_funds_feeder_master,0
factset_own,own_ent_funds,0
factset_own,own_ent_coverage,0
factset_own,own_ent_address,0
factset_own,own_ent_13f_subfiler_inst,0
factset_own,own_ent_13f_filing_hist,0
factset_own_old,own_ent_fund_managers,0
factset_own_old,wrds_own_13f,0
factset_own_old,wrds_holdings_by_security_msci,0
factset_own_old,wrds_holdings_by_firm_msci,0
factset_own_old,own_uksr_detail_eq,0
factset_own_old,own_uksr_cust_detail_eq,0
factset_own_old,own_stakes_detail_eq,0
factset_own_old,own_sec_prices_eq,0
factset_own_old,own_sec_map_eq,0
factset_own_old,own_sec_entity_hist_eq,0
factset_own_old,own_sec_entity_eq,0
factset_own_old,own_sec_coverage_eq,0
factset_own_old,own_sec_adr_ord_ratio_eq,0
factset_own_old,own_sec_13f_reportable_eq,0
factset_own_old,own_inst_stakes_detail_eq,0
factset_own_old,own_inst_13f_detail_eq,0
factset_own_old,own_insider_trans_eq,0
factset_own_old,own_fund_generic_summary_fi,0
factset_own_old,own_fund_generic_eq,0
factset_own_old,own_fund_detail_eq,0
factset_own_old,own_ent_inst_profiles,0
factset_own_old,own_ent_inst_identifiers,0
factset_own_old,own_ent_institutions,0
factset_own_old,own_ent_fund_objectives,0
factset_own_old,own_ent_fund_identifiers,0
factset_own_old,own_ent_fund_filing_hist,0
factset_own_old,own_ent_funds_feeder_master,0
factset_own_old,own_ent_funds,0
factset_own_old,wrds_own_fund,0
factset_own_old,own_ent_coverage,0
factset_own_old,own_ent_address,0
factset_own_old,own_ent_13f_subfiler_inst,0
factset_own_old,own_ent_13f_filing_hist,0
factset_own_old,own_ent_13f_combined_inst,0
factset_revere_common,company_address_type,0
factset_revere_common,address_type,0
factset_revere_common,company,0
factset_revere_common,company_address,0
factset_revere_common,wrds_company_hist,0
factset_revere_common,wrds_company,0
factset_revere_common,stage_of_development,0
factset_revere_common,region_map,0
factset_revere_common,region,0
factset_revere_common,product_type,0
factset_revere_common,product,0
factset_revere_common,place_of_listing,0
factset_revere_common,indication,0
factset_revere_common,country,0
factset_revere_common,company_valoren,0
factset_revere_common,company_ticker_fs,0
factset_revere_common,company_ticker,0
factset_revere_common,company_sedol_fs,0
factset_revere_common,company_sedol,0
factset_revere_common,company_security,0
factset_revere_common,company_region,0
factset_revere_common,company_redirect,0
factset_revere_common,company_isin_fs,0
factset_revere_common,company_isin,0
factset_revere_common,company_factset,0
factset_revere_common,company_cusip_fs,0
factset_revere_common,company_cusip,0
factset_revere_common,company_alias,0
factset_revere_common_old,address_type,0
factset_revere_common_old,wrds_company_hist,0
factset_revere_common_old,wrds_company,0
factset_revere_common_old,stage_of_development,0
factset_revere_common_old,region_map,0
factset_revere_common_old,region,0
factset_revere_common_old,product_type,0
factset_revere_common_old,product,0
factset_revere_common_old,place_of_listing,0
factset_revere_common_old,indication,0
factset_revere_common_old,country,0
factset_revere_common_old,company_valoren,0
factset_revere_common_old,company_ticker_fs,0
factset_revere_common_old,company_ticker,0
factset_revere_common_old,company_sedol_fs,0
factset_revere_common_old,company_sedol,0
factset_revere_common_old,company_security,0
factset_revere_common_old,company_region,0
factset_revere_common_old,company_redirect,0
factset_revere_common_old,company_isin_fs,0
factset_revere_common_old,company_isin,0
factset_revere_common_old,company_factset,0
factset_revere_common_old,company_cusip_fs,0
factset_revere_common_old,company_cusip,0
factset_revere_common_old,company_alias,0
factset_revere_common_old,company_address_type,0
factset_revere_common_old,company_address,0
factset_revere_common_old,company,0
factset_revere_geo_rev,geo31_report_item,0
factset_revere_geo_rev,geo31_report,0
factset_revere_geo_rev,geo31_region_structure,0
factset_revere_geo_rev,geo31_region_replacement,0
factset_revere_geo_rev,wrds_geo_exp,0
factset_revere_geo_rev_old,wrds_geo_exp,0
factset_revere_geo_rev_old,geo31_region_replacement,0
factset_revere_geo_rev_old,geo31_region_structure,0
factset_revere_geo_rev_old,geo31_report,0
factset_revere_geo_rev_old,geo31_report_item,0
factset_revere_ind_class,wrds_product_merged,0
factset_revere_ind_class,sector_summary,0
factset_revere_ind_class,wrds_company_segrev_detail,0
factset_revere_ind_class,wrds_company_segrev_report,0
factset_revere_ind_class,wrds_company_segrev_summary,0
factset_revere_ind_class,wrds_product_sector,0
factset_revere_ind_class,wrds_sector,0
factset_revere_ind_class,company_rbics2_focus_l6,0
factset_revere_ind_class,company_rbics_focus_2013_l6,0
factset_revere_ind_class,company_sector_all,0
factset_revere_ind_class,company_sector_focus,0
factset_revere_ind_class,company_sector_particip,0
factset_revere_ind_class,company_sector_pureplay,0
factset_revere_ind_class,company_sector_summary,0
factset_revere_ind_class,company_segrev_item,0
factset_revere_ind_class,company_segrev_report,0
factset_revere_ind_class,company_segrev_summary,0
factset_revere_ind_class,indication_sector,0
factset_revere_ind_class,period_fintype,0
factset_revere_ind_class,period_length_unit,0
factset_revere_ind_class,product_sector,0
factset_revere_ind_class,rbics2_structure_l6,0
factset_revere_ind_class,rbics_structure_2013_l6,0
factset_revere_ind_class,sector,0
factset_revere_ind_class,sector_assoc_type,0
factset_revere_ind_class,sector_path,0
factset_revere_ind_class_old,sector_summary,0
factset_revere_ind_class_old,sector_path,0
factset_revere_ind_class_old,sector_assoc_type,0
factset_revere_ind_class_old,sector,0
factset_revere_ind_class_old,company_sector_summary,0
factset_revere_ind_class_old,company_rbics2_focus_l6,0
factset_revere_ind_class_old,company_rbics_focus_2013_l6,0
factset_revere_ind_class_old,company_sector_all,0
factset_revere_ind_class_old,company_segrev_item,0
factset_revere_ind_class_old,company_segrev_report,0
factset_revere_ind_class_old,company_sector_focus,0
factset_revere_ind_class_old,company_sector_particip,0
factset_revere_ind_class_old,wrds_sector,0
factset_revere_ind_class_old,wrds_product_sector,0
factset_revere_ind_class_old,wrds_product_merged,0
factset_revere_ind_class_old,wrds_company_segrev_summary,0
factset_revere_ind_class_old,wrds_company_segrev_report,0
factset_revere_ind_class_old,wrds_company_segrev_detail,0
factset_revere_ind_class_old,rbics_structure_2013_l6,0
factset_revere_ind_class_old,rbics2_structure_l6,0
factset_revere_ind_class_old,product_sector,0
factset_revere_ind_class_old,period_length_unit,0
factset_revere_ind_class_old,period_fintype,0
factset_revere_ind_class_old,indication_sector,0
factset_revere_ind_class_old,company_segrev_summary,0
factset_revere_ind_class_old,company_sector_pureplay,0
factset_revere_supply_chain,supply_chain,0
factset_revere_supply_chain,wrds_relationship,0
factset_revere_supply_chain,relationship,0
factset_revere_supply_chain,relationship_keyword,0
factset_revere_supply_chain,relationship_subsidiary,0
factset_revere_supply_chain,relationship_summary,0
factset_revere_supply_chain,relationship_type,0
factset_revere_supply_chain_old,relationship_summary,0
factset_revere_supply_chain_old,relationship_keyword,0
factset_revere_supply_chain_old,relationship_subsidiary,0
factset_revere_supply_chain_old,wrds_relationship,0
factset_revere_supply_chain_old,supply_chain,0
factset_revere_supply_chain_old,relationship_type,0
factset_revere_supply_chain_old,relationship,0
