"quarter","n_investors","n_issuers","n_positions","med_assets","q25_assets","q75_assets","pct_over_62","CEF","ETF","HF","OEF","VAR"
2005-03-31,9142,5639,868956,51,34.25,86,39.2583679719974,688,62,400,6706,1286
2005-06-30,13040,6870,1277002,51,35,89,40.329754601227,961,191,397,10167,1324
2005-09-30,9939,6102,984768,52,35,89,40.6479525103129,706,185,405,7332,1311
2005-12-31,14072,7339,1385966,52,36,88,40.2643547470154,998,225,461,11066,1322
2006-03-31,10099,6306,1047954,53,36,93,41.5387662144767,659,214,471,7452,1303
2006-06-30,13827,7618,1438482,53,36,91,41.2236927750054,954,290,459,10766,1358
2006-09-30,10249,6454,1084018,53,35,93,41.6235730315153,602,298,446,7577,1326
2006-12-31,14684,7981,1541540,53,36,92,41.6984472895669,935,293,526,11496,1434
2007-03-31,10638,6974,1153769,53,35,94,42.1037789058094,604,308,537,7855,1334
2007-06-30,15020,8236,1585761,53,35,93,41.5845539280959,942,403,539,11736,1400
2007-09-30,10614,6999,1145594,52,34,93,40.8705483323912,583,334,519,7854,1324
2007-12-31,15201,8321,1582549,52,34,91,40.2934017498849,855,470,563,11915,1398
2008-03-31,10382,7070,1167176,52,35,96,41.8801772298208,453,340,536,7731,1322
2008-06-30,15231,8705,1597273,52,34,92,40.2337338323157,756,576,537,11976,1386
2008-09-30,10863,7401,1285078,53,34,99,42.6309490932523,440,441,479,8105,1398
2008-12-31,14938,8423,1642105,51,34,93,40.0789931717767,662,610,425,11830,1411
2009-03-31,11019,7109,1332178,53,34,100,42.4357927216626,366,440,419,8394,1400
2009-06-30,15139,8320,1708033,52,34,96,41.5417134553141,570,615,455,12122,1377
2009-09-30,11800,7636,1425073,54,35,101,43.5847457627119,309,481,448,9229,1333
2009-12-31,15521,8938,1731467,53,35,94,41.4470717092971,474,758,445,12522,1322
2010-03-31,12999,8366,1558021,55,36,99,43.8110623894146,295,708,450,10245,1301
2010-06-30,16590,9325,1876358,53,35,95,41.8143459915612,345,979,434,13564,1268
2010-09-30,13834,8484,1719771,56,36,101,45.0484314008963,232,857,446,11041,1258
2010-12-31,17583,9746,2020104,54,35,95,42.0349200932719,336,1115,500,14333,1299
2011-03-31,14805,8894,1805505,55,36,100,43.4920634920635,250,902,494,11903,1256
2011-06-30,17727,9933,2066048,53,35,96,41.8006430868167,325,1293,481,14371,1257
2011-09-30,14747,8902,1816515,55,35,99,43.2969417508646,220,1089,455,11759,1224
2011-12-31,17319,9826,2063354,53,35,97,41.3765228939315,315,1491,480,13745,1288
2012-03-31,14626,9015,1832502,55,36,100,43.6688089703268,226,1479,485,11209,1227
2012-06-30,17317,10249,2085821,53,35,97,41.7277819483744,312,1511,470,13783,1241
2012-09-30,15969,9413,1899790,53,35,95,41.2110964994677,227,1526,474,12523,1219
2012-12-31,18482,10130,2094495,52,34,92,40.2932583053782,316,1807,504,14570,1285
2013-03-31,14265,8942,1794798,56,36,100,44.304241149667,233,1638,507,10695,1192
2013-06-30,16001,9827,2016719,55,36,100,43.7160177488907,306,1777,496,12240,1182
2013-09-30,13926,9131,1815373,56,36,102,44.82263392216,216,1631,493,10440,1146
2013-12-31,18294,10532,2195805,53,35,96,41.2211654094239,295,1892,560,14315,1232
2014-03-31,16327,9922,2060424,54,35,100,42.445029705396,195,1728,560,12724,1120
2014-06-30,19702,11639,2392175,53,35,96,41.6708963556999,288,1984,557,15736,1137
2014-09-30,17772,10616,2248377,54,36,99,42.8989421562008,250,1836,547,13978,1161
2014-12-31,21484,12035,2623920,53,35,96,41.0863898715323,362,2227,577,17041,1277
2015-03-31,19155,11125,2449992,53,35,99,42.2291829809449,293,2246,590,14852,1174
2015-06-30,21931,12462,2762868,52,34,96,41.1837125530072,375,2558,595,17238,1165
2015-09-30,19232,11153,2474125,52,34,97,41.1345673876872,284,2350,572,14898,1128
2015-12-31,22584,12938,2880763,51,34,95,40.0017711654269,402,2637,569,17726,1250
2016-03-31,19188,11042,2463387,51,34,96,39.9781113195747,323,2440,534,14839,1052
2016-06-30,23300,13055,2948626,51,34,95,39.7167381974249,384,2771,531,18505,1109
2016-09-30,20058,11362,2695298,52,35,98,41.2254462060026,333,2572,544,15509,1100
2016-12-31,24076,13411,3065589,52,35,96,40.5299883701612,425,2775,562,19106,1208
2017-03-31,20193,11527,2718435,52,35,98,40.8656465111672,328,2566,557,15627,1115
2017-06-30,24283,13506,3131770,52,35,97,40.7898529835687,416,2850,555,19357,1105
2017-09-30,19358,11625,2685615,53,36,100,41.4815580121913,317,2498,542,14924,1077
2017-12-31,21729,12971,2833934,51,35,97,40.0340558700354,333,2622,583,17104,1087
2018-03-31,17320,11258,2478439,52,35,100,41.2990762124711,267,2677,583,12736,1057
2018-06-30,22734,13127,3028775,52,35,99,40.7187472508138,367,3033,583,17677,1074
2018-09-30,19003,11526,2719196,53,36,102,42.1986002210177,325,2917,575,14096,1090
2018-12-31,23175,13085,3155196,51,34,100,40.5652642934196,387,3213,577,17851,1147
2019-03-31,19679,11618,2899219,53,36,104,42.4208547182276,356,3107,577,14607,1032
2019-06-30,24470,13371,3356716,51,35,100,40.2942378422558,392,3290,581,19107,1100
2019-09-30,19708,11894,2996051,53,36,106,42.520803734524,334,3087,568,14713,1006
2019-12-31,25561,13444,3418783,51,35,97,39.646336215328,395,3390,598,20053,1125
2020-03-31,20428,12188,3041063,52,36,104,41.4235363226943,359,3176,576,15299,1018
2020-06-30,27620,14097,3688826,51,35,97,39.6777697320782,465,3705,589,21778,1083
2020-09-30,21205,12627,3122893,53,36,101,41.8297571327517,370,3284,596,15932,1023
2020-12-31,27113,14718,3762096,56,37,100,44.7866337181426,426,3767,664,21133,1123
2021-03-31,21465,13397,3261445,55,37,106,43.3636151875146,351,3434,695,15974,1011
2021-06-30,29160,15964,4077105,59,38,106,47.2222222222222,445,4182,700,22756,1077
2021-09-30,21731,14343,3388825,55,37,108,44.0062583406194,337,3760,687,15904,1043
2021-12-31,29202,16352,4159216,59,38,112,47.6200260256147,387,4466,748,22538,1063
2022-03-31,21276,14409,3354668,55,37,111,44.153036285016,318,3937,746,15242,1033
2022-06-30,27116,16342,3871480,57,37,104,45.1762796872695,384,4798,701,20210,1023
2022-09-30,21656,14227,3370411,55,36,109,44.4311045437754,318,4191,701,15416,1030
2022-12-31,29115,16322,4190973,58,37,107,46.4949338828782,358,5001,681,22086,989
2023-03-31,21158,13853,3457309,57,37,115,45.4485301068154,302,4302,664,14868,1022
2023-06-30,29751,16611,4325132,57,37,110,45.7497226983967,389,5116,661,22567,1018
2023-09-30,20911,13639,3508831,57,38,118,45.6697431973602,267,4533,657,14435,1019
2023-12-31,30984,17226,4560645,57,37,114,46.0979860573199,389,5503,657,23413,1022
2024-03-31,21373,14399,3657824,58,38,116,46.4745239320638,274,4702,664,14720,1013
2024-06-30,32319,18064,4838972,55,37,101,43.5749868498407,432,5693,671,24493,1030
2024-09-30,23106,15384,3970986,58,38,115,45.9274647277763,292,5043,653,16104,1014
2024-12-31,32563,17819,4816909,54,37,101,43.2146915210515,408,6111,694,24313,1037
2025-03-31,22827,14887,3897447,58,38,118,46.786699960573,277,5269,680,15591,1010
2025-06-30,32639,18186,4984315,57,38,104,45.4670792610068,424,6650,693,23866,1006
2025-09-30,23386,15482,4049659,59,38,119,47.164970495168,283,5608,713,15786,996
2025-12-31,32389,18615,5044488,58,38,108,46.1205964988113,396,7050,752,23187,1004
2026-03-31,21478,14757,3735842,60,38,124,47.8349939472949,265,5905,758,13569,981
