"issuer_id","n_holders","entity_proper_name","iso_country","sector_code","market_cap","pct_of_investors"
"0SWK7W-E",1863,NA,NA,NA,NA,8.7
"004B8C-E",671,NA,NA,NA,68922182069.121,3.1
"0WWX4C-E",668,NA,NA,NA,NA,3.1
"10J556-E",562,NA,NA,NA,31302423300,2.6
"116LTR-E",518,NA,NA,NA,NA,2.4
"0Y0ZXB-E",504,NA,NA,NA,NA,2.3
"103BL7-E",435,NA,NA,NA,16702266194.2747,2
"0WZLXP-E",430,NA,NA,NA,NA,2
"11CJJS-E",423,NA,NA,NA,NA,2
"0YQMB5-E",365,NA,NA,NA,9977343389.2,1.7
"133MZP-E",337,NA,NA,NA,NA,1.6
"0YPSJF-E",300,NA,NA,NA,7078648723.4736,1.4
"11MYHC-E",294,NA,NA,NA,NA,1.4
"119CDX-E",277,NA,NA,NA,NA,1.3
"0X9K7C-E",276,NA,NA,NA,NA,1.3
"0WTXJX-E",265,NA,NA,NA,NA,1.2
"10HYJH-E",262,NA,NA,NA,NA,1.2
"0YYCWH-E",253,NA,NA,NA,NA,1.2
"06L0MD-E",245,NA,NA,NA,NA,1.1
"11LTL2-E",241,NA,NA,NA,6866796726.99504,1.1
"10Z9SW-E",234,NA,NA,NA,22396392060,1.1
"0M6N6D-E",221,NA,NA,NA,1285416900,1
"0YY25N-E",210,NA,NA,NA,17498249300,1
"11R9KX-E",209,NA,NA,NA,NA,1
"0FFN3V-E",208,NA,NA,NA,NA,1
"0VWK2V-E",206,NA,NA,NA,8014957340,1
"06L95X-E",201,NA,NA,NA,NA,0.9
"0N7QJ3-E",201,NA,NA,NA,NA,0.9
"0ZJTCR-E",195,NA,NA,NA,16413600000,0.9
"0JC6T1-E",175,NA,NA,NA,NA,0.8
"12RM26-E",173,NA,NA,NA,4366912500,0.8
"0WY28V-E",166,NA,NA,NA,3383965150,0.8
"12VJSX-E",164,NA,NA,NA,NA,0.8
"0TQQ0J-E",156,NA,NA,NA,NA,0.7
"129KG2-E",155,NA,NA,NA,2552895900,0.7
"10JCC4-E",153,NA,NA,NA,5296701539.712,0.7
"0GNY4C-E",148,NA,NA,NA,75561762000,0.7
"129M2N-E",147,NA,NA,NA,NA,0.7
"12SG03-E",144,NA,NA,NA,NA,0.7
"11FZBZ-E",132,NA,NA,NA,NA,0.6
"05W85K-E",131,NA,NA,NA,NA,0.6
"0K8D3X-E",130,NA,NA,NA,NA,0.6
"0VSYC0-E",129,NA,NA,NA,NA,0.6
"0P0XDX-E",124,NA,NA,NA,NA,0.6
"11MZ60-E",120,NA,NA,NA,NA,0.6
"129GG4-E",116,NA,NA,NA,2003819895,0.5
"0728Q7-E",115,NA,NA,NA,NA,0.5
"0LDD6N-E",115,NA,NA,NA,NA,0.5
"05MB4H-E",113,NA,NA,NA,NA,0.5
"0XBRFG-E",111,NA,NA,NA,NA,0.5
"126TMQ-E",111,NA,NA,NA,NA,0.5
"13HKQP-E",109,NA,NA,NA,NA,0.5
"0779SB-E",108,NA,NA,NA,NA,0.5
"0PK0ZW-E",106,NA,NA,NA,NA,0.5
"05WKTK-E",104,NA,NA,NA,NA,0.5
"11ZKFD-E",104,NA,NA,NA,NA,0.5
"109MRS-E",103,NA,NA,NA,NA,0.5
"0PTN1M-E",100,NA,NA,NA,2882873932.03328,0.5
"0WC5L0-E",100,NA,NA,NA,144865260,0.5
"0Y5NM3-E",100,NA,NA,NA,NA,0.5
"10JDC7-E",100,NA,NA,NA,NA,0.5
"10CT29-E",96,NA,NA,NA,NA,0.4
"10R40H-E",96,NA,NA,NA,1679347370,0.4
"04D7Z4-E",95,NA,NA,NA,NA,0.4
"12ZZKT-E",95,NA,NA,NA,NA,0.4
"108JJ3-E",94,NA,NA,NA,426183210,0.4
"10NZPL-E",92,NA,NA,NA,NA,0.4
"10D3H6-E",91,NA,NA,NA,NA,0.4
"0C7VFP-E",89,NA,NA,NA,NA,0.4
"075RSH-E",86,NA,NA,NA,NA,0.4
"0TWMDM-E",86,NA,NA,NA,NA,0.4
"0YWDQZ-E",85,NA,NA,NA,NA,0.4
"10ZY22-E",85,NA,NA,NA,NA,0.4
"04BF1T-E",84,NA,NA,NA,NA,0.4
"0Z13WQ-E",84,NA,NA,NA,NA,0.4
"11H87L-E",84,NA,NA,NA,NA,0.4
"0FKV40-E",82,NA,NA,NA,NA,0.4
"0ZJ2JQ-E",82,NA,NA,NA,NA,0.4
"0GNC1Z-E",79,NA,NA,NA,NA,0.4
"11N4VL-E",78,NA,NA,NA,NA,0.4
"0F9YPP-E",77,NA,NA,NA,NA,0.4
"1044MN-E",76,NA,NA,NA,NA,0.4
"0CTJ3V-E",75,NA,NA,NA,NA,0.3
"0NJXY4-E",75,NA,NA,NA,NA,0.3
"11SPZ2-E",74,NA,NA,NA,21434311769.6,0.3
"133CFD-E",74,NA,NA,NA,NA,0.3
"0VJRDY-E",73,NA,NA,NA,3785747150,0.3
"0ZZDJR-E",68,NA,NA,NA,NA,0.3
"10JBL8-E",68,NA,NA,NA,2790870960.2456,0.3
"0X1X7B-E",66,NA,NA,NA,NA,0.3
"0XGH9C-E",66,NA,NA,NA,399555262.08,0.3
"0XV4DQ-E",66,NA,NA,NA,NA,0.3
"0FLQPD-E",65,NA,NA,NA,NA,0.3
"117ZSW-E",65,NA,NA,NA,5788011477.31712,0.3
"0JVNK2-E",64,NA,NA,NA,NA,0.3
"098X74-E",63,NA,NA,NA,NA,0.3
"0C60Y9-E",63,NA,NA,NA,NA,0.3
"0YY8DS-E",63,NA,NA,NA,NA,0.3
"12QNL2-E",63,NA,NA,NA,NA,0.3
"1085B1-E",61,NA,NA,NA,NA,0.3
"11WK30-E",61,NA,NA,NA,NA,0.3
"0YXQY0-E",60,NA,NA,NA,5865393483.18712,0.3
"00FKQ8-E",58,NA,NA,NA,NA,0.3
"136NXW-E",58,NA,NA,NA,NA,0.3
"0Z2WT3-E",57,NA,NA,NA,NA,0.3
"10GGB1-E",57,NA,NA,NA,NA,0.3
"04G9T5-E",55,NA,NA,NA,NA,0.3
"0CNXQY-E",53,NA,NA,NA,NA,0.2
"0GPKSD-E",52,NA,NA,NA,NA,0.2
"12QYQQ-E",52,NA,NA,NA,NA,0.2
"0YM2XX-E",51,NA,NA,NA,NA,0.2
"12RM00-E",51,NA,NA,NA,NA,0.2
"0G79GF-E",50,NA,NA,NA,NA,0.2
"0QVM3M-E",50,NA,NA,NA,NA,0.2
"0XFGZX-E",50,NA,NA,NA,NA,0.2
"0YKM1G-E",50,NA,NA,NA,NA,0.2
"10HFLZ-E",50,NA,NA,NA,NA,0.2
"0B2QK6-E",49,NA,NA,NA,NA,0.2
"0WH4VC-E",49,NA,NA,NA,NA,0.2
"0Z14VT-E",49,NA,NA,NA,NA,0.2
"12YRNP-E",49,NA,NA,NA,4021380600,0.2
"136C61-E",48,NA,NA,NA,NA,0.2
"0X5HQP-E",47,NA,NA,NA,NA,0.2
"11FZ4R-E",47,NA,NA,NA,NA,0.2
"0SBMYJ-E",46,NA,NA,NA,NA,0.2
"0HR1DW-E",45,NA,NA,NA,NA,0.2
"0W69BW-E",45,NA,NA,NA,12392924700,0.2
"0Z0VQF-E",45,NA,NA,NA,NA,0.2
"10MT2D-E",45,NA,NA,NA,NA,0.2
"00B9X9-E",44,NA,NA,NA,NA,0.2
"0FPCS3-E",44,NA,NA,NA,NA,0.2
"0HX2JV-E",44,NA,NA,NA,NA,0.2
"0KZ5SX-E",44,NA,NA,NA,NA,0.2
"0WWKM6-E",44,NA,NA,NA,NA,0.2
"0XWJ26-E",44,NA,NA,NA,NA,0.2
"04F92F-E",43,NA,NA,NA,NA,0.2
"0XBFRG-E",43,NA,NA,NA,NA,0.2
"0ZCZ84-E",43,NA,NA,NA,NA,0.2
"10BBF1-E",43,NA,NA,NA,8527913.13658,0.2
"10NWH2-E",42,NA,NA,NA,NA,0.2
"11HPSY-E",42,NA,NA,NA,18499728705.8772,0.2
"12TPND-E",42,NA,NA,NA,NA,0.2
"08GXQS-E",41,NA,NA,NA,NA,0.2
"0MDZ85-E",41,NA,NA,NA,NA,0.2
"0ZX78Q-E",41,NA,NA,NA,163094150,0.2
"11PQ7F-E",41,NA,NA,NA,NA,0.2
"1269YM-E",41,NA,NA,NA,NA,0.2
"12RLG0-E",41,NA,NA,NA,NA,0.2
"04FXRB-E",40,NA,NA,NA,NA,0.2
"0CB3DP-E",40,NA,NA,NA,NA,0.2
"0XYH0F-E",40,NA,NA,NA,NA,0.2
"133TLR-E",40,NA,NA,NA,436912295.98095,0.2
"04GVPQ-E",39,NA,NA,NA,NA,0.2
"0942D5-E",39,NA,NA,NA,NA,0.2
"13902K-E",39,NA,NA,NA,3308231733.35424,0.2
"0KS8SC-E",38,NA,NA,NA,NA,0.2
"0TTKJ2-E",38,NA,NA,NA,NA,0.2
"112TRL-E",38,NA,NA,NA,77621740.1442,0.2
"11DYJF-E",38,NA,NA,NA,NA,0.2
"09MDBP-E",37,NA,NA,NA,NA,0.2
"0SG9GF-E",37,NA,NA,NA,NA,0.2
"0MHX2F-E",36,NA,NA,NA,NA,0.2
"0XKKKP-E",36,NA,NA,NA,NA,0.2
"0YTRLG-E",36,NA,NA,NA,NA,0.2
"074SZD-E",35,NA,NA,NA,NA,0.2
"0D8NDM-E",35,NA,NA,NA,NA,0.2
"0XK6C1-E",35,NA,NA,NA,NA,0.2
"0Z3LF7-E",35,NA,NA,NA,NA,0.2
"04KTVS-E",34,NA,NA,NA,NA,0.2
"062FQ4-E",34,NA,NA,NA,NA,0.2
"0DH15H-E",34,NA,NA,NA,NA,0.2
"0JHS4V-E",34,NA,NA,NA,NA,0.2
"0X91KK-E",34,NA,NA,NA,NA,0.2
"0YP5GW-E",34,NA,NA,NA,NA,0.2
"13BJCY-E",34,NA,NA,NA,NA,0.2
"0DX9HQ-E",33,NA,NA,NA,NA,0.2
"0HG6MQ-E",33,NA,NA,NA,NA,0.2
"0XJGN7-E",33,NA,NA,NA,NA,0.2
"1003XX-E",33,NA,NA,NA,14204749680,0.2
"10TK23-E",33,NA,NA,NA,NA,0.2
"11GPFK-E",33,NA,NA,NA,NA,0.2
"0896DH-E",32,NA,NA,NA,NA,0.1
"08DLKB-E",32,NA,NA,NA,NA,0.1
"0DZ6PS-E",32,NA,NA,NA,NA,0.1
"0GV1Q4-E",32,NA,NA,NA,NA,0.1
"0KT5ZP-E",32,NA,NA,NA,NA,0.1
"0QSJ5G-E",32,NA,NA,NA,NA,0.1
"0YZY0N-E",32,NA,NA,NA,NA,0.1
"1292SB-E",32,NA,NA,NA,NA,0.1
"07L0J2-E",31,NA,NA,NA,NA,0.1
"0VZ46M-E",31,NA,NA,NA,NA,0.1
"0XXCDS-E",31,NA,NA,NA,388861000,0.1
"0ZMJTQ-E",31,NA,NA,NA,NA,0.1
"08G0NK-E",30,NA,NA,NA,NA,0.1
"0FRSYD-E",30,NA,NA,NA,NA,0.1
"0FYL0V-E",30,NA,NA,NA,NA,0.1
"0HDR9H-E",30,NA,NA,NA,NA,0.1
"09XGKR-E",29,NA,NA,NA,NA,0.1
"0DCMK2-E",29,NA,NA,NA,NA,0.1
"0F1KCQ-E",29,NA,NA,NA,NA,0.1
"10Z7C0-E",29,NA,NA,NA,NA,0.1
"0D5YBD-E",28,NA,NA,NA,NA,0.1
"0KYRJS-E",28,NA,NA,NA,NA,0.1
"0NSY1Z-E",28,NA,NA,NA,NA,0.1
"0VLL4X-E",28,NA,NA,NA,NA,0.1
"0WC77F-E",28,NA,NA,NA,NA,0.1
"0YJLC9-E",28,NA,NA,NA,NA,0.1
"128G6Z-E",28,NA,NA,NA,1476040260,0.1
"12W58G-E",28,NA,NA,NA,NA,0.1
"137T6J-E",28,NA,NA,NA,NA,0.1
"0FGJ7W-E",27,NA,NA,NA,NA,0.1
"0JP5S9-E",27,NA,NA,NA,NA,0.1
"0KYY6H-E",27,NA,NA,NA,NA,0.1
"0MJTVK-E",27,NA,NA,NA,NA,0.1
"0Y84M0-E",27,NA,NA,NA,NA,0.1
"0ZY4C7-E",27,NA,NA,NA,NA,0.1
"10R7JQ-E",27,NA,NA,NA,NA,0.1
"10XXSZ-E",27,NA,NA,NA,168430266.4,0.1
"04FH13-E",26,NA,NA,NA,NA,0.1
"0G7NWL-E",26,NA,NA,NA,NA,0.1
"0YRDHN-E",26,NA,NA,NA,NA,0.1
"11N2GX-E",26,NA,NA,NA,NA,0.1
"12PM9N-E",26,NA,NA,NA,NA,0.1
"04FXTF-E",25,NA,NA,NA,NA,0.1
"04G7CV-E",25,NA,NA,NA,NA,0.1
"04LR0T-E",25,NA,NA,NA,NA,0.1
"0R7L2D-E",25,NA,NA,NA,NA,0.1
"111748-E",25,NA,NA,NA,NA,0.1
"1185L5-E",25,NA,NA,NA,NA,0.1
"131MML-E",25,NA,NA,NA,NA,0.1
"0H3P4J-E",24,NA,NA,NA,NA,0.1
"0J86JQ-E",24,NA,NA,NA,NA,0.1
"0SBGHD-E",24,NA,NA,NA,NA,0.1
"0V30WB-E",24,NA,NA,NA,NA,0.1
"0WHY4B-E",24,NA,NA,NA,NA,0.1
"0WYZP4-E",24,NA,NA,NA,503156509.1552,0.1
"0XYZF8-E",24,NA,NA,NA,3303000920,0.1
"0Y0PX8-E",24,NA,NA,NA,NA,0.1
"11N64D-E",24,NA,NA,NA,NA,0.1
"11SQ01-E",24,NA,NA,NA,NA,0.1
"133CBH-E",24,NA,NA,NA,NA,0.1
"00C3RN-E",23,NA,NA,NA,NA,0.1
"04F88Y-E",23,NA,NA,NA,NA,0.1
"04KZCM-E",23,NA,NA,NA,NA,0.1
"0KXPHF-E",23,NA,NA,NA,NA,0.1
"0PWKF7-E",23,NA,NA,NA,NA,0.1
"10C9HB-E",23,NA,NA,NA,1816867260,0.1
"110KGR-E",23,NA,NA,NA,NA,0.1
"04CV90-E",22,NA,NA,NA,NA,0.1
"04GVT4-E",22,NA,NA,NA,NA,0.1
"05S73T-E",22,NA,NA,NA,NA,0.1
"05WW71-E",22,NA,NA,NA,NA,0.1
"077STH-E",22,NA,NA,NA,NA,0.1
"07CD3L-E",22,NA,NA,NA,NA,0.1
"094TL8-E",22,NA,NA,NA,NA,0.1
"0GDTD4-E",22,NA,NA,NA,NA,0.1
"0KP7LQ-E",22,NA,NA,NA,NA,0.1
"0KVJBD-E",22,NA,NA,NA,NA,0.1
"0MLBYY-E",22,NA,NA,NA,NA,0.1
"0VV1N0-E",22,NA,NA,NA,NA,0.1
"0YKJXD-E",22,NA,NA,NA,NA,0.1
"10X49X-E",22,NA,NA,NA,NA,0.1
"11CYVC-E",22,NA,NA,NA,NA,0.1
"126D6Z-E",22,NA,NA,NA,NA,0.1
"12RNG3-E",22,NA,NA,NA,NA,0.1
"04BF2L-E",21,NA,NA,NA,NA,0.1
"05TSC0-E",21,NA,NA,NA,NA,0.1
"07F4HJ-E",21,NA,NA,NA,NA,0.1
"0FYJ2G-E",21,NA,NA,NA,NA,0.1
"0HKSJC-E",21,NA,NA,NA,NA,0.1
"0HXQ4X-E",21,NA,NA,NA,NA,0.1
"0M69GF-E",21,NA,NA,NA,NA,0.1
"0R72FB-E",21,NA,NA,NA,NA,0.1
"0S4MRD-E",21,NA,NA,NA,NA,0.1
"0TK6YX-E",21,NA,NA,NA,NA,0.1
"0V7GZ8-E",21,NA,NA,NA,NA,0.1
"0XMDND-E",21,NA,NA,NA,NA,0.1
"0ZZPNH-E",21,NA,NA,NA,282296560,0.1
"11VWYB-E",21,NA,NA,NA,NA,0.1
"0BGQBV-E",20,NA,NA,NA,NA,0.1
"0BQHDK-E",20,NA,NA,NA,NA,0.1
"0KV8TY-E",20,NA,NA,NA,NA,0.1
"0X03F2-E",20,NA,NA,NA,NA,0.1
"0X8WFH-E",20,NA,NA,NA,5591592000,0.1
"10KVG4-E",20,NA,NA,NA,NA,0.1
"128T1C-E",20,NA,NA,NA,NA,0.1
"12Y485-E",20,NA,NA,NA,NA,0.1
"04F92M-E",19,NA,NA,NA,NA,0.1
"04F92X-E",19,NA,NA,NA,NA,0.1
"05VN5T-E",19,NA,NA,NA,NA,0.1
"07VVBB-E",19,NA,NA,NA,NA,0.1
"090JNJ-E",19,NA,NA,NA,NA,0.1
"0NVN49-E",19,NA,NA,NA,NA,0.1
"0TQ14F-E",19,NA,NA,NA,NA,0.1
"0V4626-E",19,NA,NA,NA,NA,0.1
"10SY2K-E",19,NA,NA,NA,NA,0.1
"11M6J2-E",19,NA,NA,NA,NA,0.1
"126XP6-E",19,NA,NA,NA,NA,0.1
"12821N-E",19,NA,NA,NA,NA,0.1
"12997P-E",19,NA,NA,NA,NA,0.1
"04F92K-E",18,NA,NA,NA,NA,0.1
"0H3VJ1-E",18,NA,NA,NA,NA,0.1
"0J7S6T-E",18,NA,NA,NA,NA,0.1
"0MN2YX-E",18,NA,NA,NA,NA,0.1
"0YL0X7-E",18,NA,NA,NA,NA,0.1
"108QZ1-E",18,NA,NA,NA,NA,0.1
"11K80J-E",18,NA,NA,NA,NA,0.1
"12QR40-E",18,NA,NA,NA,NA,0.1
"12QY4J-E",18,NA,NA,NA,NA,0.1
"12WW6L-E",18,NA,NA,NA,NA,0.1
"12Z298-E",18,NA,NA,NA,NA,0.1
"00CPBV-E",17,NA,NA,NA,NA,0.1
"04JLTB-E",17,NA,NA,NA,NA,0.1
"0GQ9NZ-E",17,NA,NA,NA,NA,0.1
"0N5L45-E",17,NA,NA,NA,NA,0.1
"110LCZ-E",17,NA,NA,NA,NA,0.1
"11MTDF-E",17,NA,NA,NA,NA,0.1
"11N62D-E",17,NA,NA,NA,NA,0.1
"12RQG8-E",17,NA,NA,NA,NA,0.1
"12SZC7-E",17,NA,NA,NA,NA,0.1
"12XQ63-E",17,NA,NA,NA,NA,0.1
"12YWTZ-E",17,NA,NA,NA,NA,0.1
"137CK4-E",17,NA,NA,NA,NA,0.1
"04BH0F-E",16,NA,NA,NA,NA,0.1
"04FTXC-E",16,NA,NA,NA,NA,0.1
"0CXQ72-E",16,NA,NA,NA,NA,0.1
"0ZN3VJ-E",16,NA,NA,NA,NA,0.1
"103KVV-E",16,NA,NA,NA,NA,0.1
"10J1ZJ-E",16,NA,NA,NA,NA,0.1
"11DW9S-E",16,NA,NA,NA,NA,0.1
"11PP1L-E",16,NA,NA,NA,NA,0.1
"11TL8R-E",16,NA,NA,NA,NA,0.1
"127CB0-E",16,NA,NA,NA,NA,0.1
"12SG80-E",16,NA,NA,NA,NA,0.1
"12YH4P-E",16,NA,NA,NA,NA,0.1
"04BF27-E",15,NA,NA,NA,NA,0.1
"04CV7C-E",15,NA,NA,NA,NA,0.1
"0H3VJ2-E",15,NA,NA,NA,NA,0.1
"0MNDJ3-E",15,NA,NA,NA,NA,0.1
"0N7C7N-E",15,NA,NA,NA,NA,0.1
"0NG9ZR-E",15,NA,NA,NA,NA,0.1
"0NWKKZ-E",15,NA,NA,NA,NA,0.1
"0PS09F-E",15,NA,NA,NA,NA,0.1
"0R9BGD-E",15,NA,NA,NA,NA,0.1
"0TPGXP-E",15,NA,NA,NA,NA,0.1
"0X6DRH-E",15,NA,NA,NA,NA,0.1
"0X7BH4-E",15,NA,NA,NA,NA,0.1
"0X7SYY-E",15,NA,NA,NA,NA,0.1
"0XG83W-E",15,NA,NA,NA,NA,0.1
"0XJ6D7-E",15,NA,NA,NA,NA,0.1
"0XQ9FR-E",15,NA,NA,NA,NA,0.1
"10D5TX-E",15,NA,NA,NA,NA,0.1
"10Q1D9-E",15,NA,NA,NA,NA,0.1
"116B6N-E",15,NA,NA,NA,NA,0.1
"11B09Q-E",15,NA,NA,NA,NA,0.1
"11MMRR-E",15,NA,NA,NA,NA,0.1
"11NT7Q-E",15,NA,NA,NA,NA,0.1
"129960-E",15,NA,NA,NA,NA,0.1
"129T0X-E",15,NA,NA,NA,NA,0.1
"12R2Z3-E",15,NA,NA,NA,NA,0.1
"12SZJG-E",15,NA,NA,NA,NA,0.1
"12XQ5M-E",15,NA,NA,NA,NA,0.1
"00GD9M-E",14,NA,NA,NA,NA,0.1
"04C313-E",14,NA,NA,NA,NA,0.1
"04CW5M-E",14,NA,NA,NA,NA,0.1
"04G9T2-E",14,NA,NA,NA,NA,0.1
"04JWNZ-E",14,NA,NA,NA,1978053834.27651,0.1
"07FVW4-E",14,NA,NA,NA,NA,0.1
"08VN8B-E",14,NA,NA,NA,NA,0.1
"08VP6Y-E",14,NA,NA,NA,NA,0.1
"0FND1V-E",14,NA,NA,NA,NA,0.1
"0HPX2K-E",14,NA,NA,NA,NA,0.1
"0KDPRM-E",14,NA,NA,NA,NA,0.1
"0MP5WQ-E",14,NA,NA,NA,NA,0.1
"0N9DZ1-E",14,NA,NA,NA,NA,0.1
"0R72JL-E",14,NA,NA,NA,NA,0.1
"0W82HG-E",14,NA,NA,NA,NA,0.1
"0XSK8Y-E",14,NA,NA,NA,NA,0.1
"0Y1RN8-E",14,NA,NA,NA,NA,0.1
"0YTR9L-E",14,NA,NA,NA,3755174.96025,0.1
"0YXMTV-E",14,NA,NA,NA,NA,0.1
"0Z7H1Q-E",14,NA,NA,NA,NA,0.1
"0ZCQNT-E",14,NA,NA,NA,NA,0.1
"112Q2N-E",14,NA,NA,NA,NA,0.1
"1183YT-E",14,NA,NA,NA,NA,0.1
"119HR8-E",14,NA,NA,NA,NA,0.1
"11N4XL-E",14,NA,NA,NA,NA,0.1
"11RY6X-E",14,NA,NA,NA,NA,0.1
"12698X-E",14,NA,NA,NA,NA,0.1
"12TJ10-E",14,NA,NA,NA,NA,0.1
"12TR33-E",14,NA,NA,NA,NA,0.1
"12WQ3R-E",14,NA,NA,NA,NA,0.1
"12ZZ3K-E",14,NA,NA,NA,NA,0.1
"134GP9-E",14,NA,NA,NA,NA,0.1
"13RCFQ-E",14,NA,NA,NA,NA,0.1
"04CLD8-E",13,NA,NA,NA,NA,0.1
"04F8X0-E",13,NA,NA,NA,NA,0.1
"04KZ9R-E",13,NA,NA,NA,NA,0.1
"06JKC9-E",13,NA,NA,NA,NA,0.1
"06NY6R-E",13,NA,NA,NA,NA,0.1
"09W5F2-E",13,NA,NA,NA,NA,0.1
"0CFSMR-E",13,NA,NA,NA,NA,0.1
"0JPFHH-E",13,NA,NA,NA,NA,0.1
"0JR4W7-E",13,NA,NA,NA,NA,0.1
"0L67PK-E",13,NA,NA,NA,NA,0.1
"0NZFZQ-E",13,NA,NA,NA,NA,0.1
"0PQZDF-E",13,NA,NA,NA,NA,0.1
"0RJND0-E",13,NA,NA,NA,NA,0.1
"0RTJD6-E",13,NA,NA,NA,NA,0.1
"0S500V-E",13,NA,NA,NA,NA,0.1
"0YTG7H-E",13,NA,NA,NA,NA,0.1
"1049RR-E",13,NA,NA,NA,NA,0.1
"10FVTG-E",13,NA,NA,NA,NA,0.1
"10YQ0R-E",13,NA,NA,NA,NA,0.1
"116TTR-E",13,NA,NA,NA,NA,0.1
"11BNBY-E",13,NA,NA,NA,NA,0.1
"11NXPF-E",13,NA,NA,NA,NA,0.1
"11QJMK-E",13,NA,NA,NA,NA,0.1
"127N61-E",13,NA,NA,NA,NA,0.1
"128VLL-E",13,NA,NA,NA,NA,0.1
"12PDMQ-E",13,NA,NA,NA,NA,0.1
"12RJ0D-E",13,NA,NA,NA,NA,0.1
"12SZHF-E",13,NA,NA,NA,NA,0.1
"12TVWP-E",13,NA,NA,NA,NA,0.1
"12YGNL-E",13,NA,NA,NA,NA,0.1
"13188W-E",13,NA,NA,NA,NA,0.1
"131J10-E",13,NA,NA,NA,NA,0.1
"04CV9H-E",12,NA,NA,NA,NA,0.1
"04CWDQ-E",12,NA,NA,NA,NA,0.1
"09G1ZF-E",12,NA,NA,NA,NA,0.1
"09S90X-E",12,NA,NA,NA,NA,0.1
"0CLJG7-E",12,NA,NA,NA,NA,0.1
"0FJWZ5-E",12,NA,NA,NA,NA,0.1
"0G1WWW-E",12,NA,NA,NA,NA,0.1
"0JMS8M-E",12,NA,NA,NA,NA,0.1
"0JXBD4-E",12,NA,NA,NA,NA,0.1
"0KBQST-E",12,NA,NA,NA,NA,0.1
"0MLXWT-E",12,NA,NA,NA,NA,0.1
"0P7L8L-E",12,NA,NA,NA,NA,0.1
"0XG4LC-E",12,NA,NA,NA,NA,0.1
"0Y4KTQ-E",12,NA,NA,NA,NA,0.1
"0ZY4BW-E",12,NA,NA,NA,NA,0.1
"10GRNM-E",12,NA,NA,NA,NA,0.1
"10R8K8-E",12,NA,NA,NA,NA,0.1
"119T8P-E",12,NA,NA,NA,NA,0.1
"11CDG5-E",12,NA,NA,NA,NA,0.1
"11JWLL-E",12,NA,NA,NA,NA,0.1
"11MHK3-E",12,NA,NA,NA,NA,0.1
"11TZ91-E",12,NA,NA,NA,NA,0.1
"11V8SY-E",12,NA,NA,NA,NA,0.1
"127KFW-E",12,NA,NA,NA,NA,0.1
"12PP64-E",12,NA,NA,NA,666526040,0.1
"12QBFW-E",12,NA,NA,NA,NA,0.1
"12ZCHC-E",12,NA,NA,NA,NA,0.1
"003YMH-E",11,NA,NA,NA,NA,0.1
"00CTNR-E",11,NA,NA,NA,NA,0.1
"093VZ3-E",11,NA,NA,NA,NA,0.1
"0CHW9W-E",11,NA,NA,NA,NA,0.1
"0DC9LZ-E",11,NA,NA,NA,NA,0.1
"0GXFPL-E",11,NA,NA,NA,NA,0.1
"0JK9RB-E",11,NA,NA,NA,NA,0.1
"0KHX0S-E",11,NA,NA,NA,NA,0.1
"0MDH4Z-E",11,NA,NA,NA,NA,0.1
"0Q9MB1-E",11,NA,NA,NA,NA,0.1
"0SBLJF-E",11,NA,NA,NA,NA,0.1
"0XTMFN-E",11,NA,NA,NA,NA,0.1
"0ZMJXY-E",11,NA,NA,NA,NA,0.1
"0ZNKTV-E",11,NA,NA,NA,NA,0.1
"1056GG-E",11,NA,NA,NA,104303160,0.1
"1092H8-E",11,NA,NA,NA,NA,0.1
"10NWYQ-E",11,NA,NA,NA,NA,0.1
"10QQP3-E",11,NA,NA,NA,NA,0.1
"10ZRB1-E",11,NA,NA,NA,NA,0.1
"11Q2CL-E",11,NA,NA,NA,NA,0.1
"11QYT7-E",11,NA,NA,NA,NA,0.1
"11SKJB-E",11,NA,NA,NA,NA,0.1
"11WDRN-E",11,NA,NA,NA,NA,0.1
"11WG9Q-E",11,NA,NA,NA,NA,0.1
"11X21V-E",11,NA,NA,NA,NA,0.1
"129HKY-E",11,NA,NA,NA,NA,0.1
"12RM0Q-E",11,NA,NA,NA,NA,0.1
"12SH0V-E",11,NA,NA,NA,NA,0.1
"12XJQ8-E",11,NA,NA,NA,NA,0.1
"130QLB-E",11,NA,NA,NA,NA,0.1
"134SQ0-E",11,NA,NA,NA,NA,0.1
"1366B9-E",11,NA,NA,NA,894347028.8192,0.1
"13NB1P-E",11,NA,NA,NA,NA,0.1
"13NX45-E",11,NA,NA,NA,NA,0.1
"04BFYD-E",10,NA,NA,NA,NA,0
"09WTNH-E",10,NA,NA,NA,NA,0
"0GH1PC-E",10,NA,NA,NA,NA,0
"0GP8H5-E",10,NA,NA,NA,NA,0
"0HGSG4-E",10,NA,NA,NA,NA,0
"0N6M3L-E",10,NA,NA,NA,NA,0
"0NZLGZ-E",10,NA,NA,NA,NA,0
"0VGQMJ-E",10,NA,NA,NA,NA,0
"0XHP2V-E",10,NA,NA,NA,NA,0
"0Y5C32-E",10,NA,NA,NA,NA,0
"0YQ79Y-E",10,NA,NA,NA,NA,0
"0YXD9N-E",10,NA,NA,NA,NA,0
"0Z1JLH-E",10,NA,NA,NA,NA,0
"0ZVC0W-E",10,NA,NA,NA,NA,0
"0ZVWP7-E",10,NA,NA,NA,447081603.34964,0
"1025PC-E",10,NA,NA,NA,NA,0
"107ZGV-E",10,NA,NA,NA,NA,0
"10J7T9-E",10,NA,NA,NA,NA,0
"10ZD90-E",10,NA,NA,NA,NA,0
"116N9J-E",10,NA,NA,NA,NA,0
"11BH6H-E",10,NA,NA,NA,NA,0
"11CJ3H-E",10,NA,NA,NA,NA,0
"11JFNV-E",10,NA,NA,NA,12467622.04468,0
"11RJ4M-E",10,NA,NA,NA,NA,0
"128D7Y-E",10,NA,NA,NA,NA,0
"1292PS-E",10,NA,NA,NA,NA,0
"12PLZY-E",10,NA,NA,NA,NA,0
"12Q0W2-E",10,NA,NA,NA,64933175.3325,0
"12RFL8-E",10,NA,NA,NA,NA,0
"12SWKG-E",10,NA,NA,NA,NA,0
"12TR3J-E",10,NA,NA,NA,NA,0
"12V4HS-E",10,NA,NA,NA,NA,0
"12VJ01-E",10,NA,NA,NA,NA,0
"12X1DZ-E",10,NA,NA,NA,NA,0
"12ZCR8-E",10,NA,NA,NA,NA,0
"130WMS-E",10,NA,NA,NA,NA,0
"134GCW-E",10,NA,NA,NA,NA,0
"139NR8-E",10,NA,NA,NA,NA,0
"04CY7D-E",9,NA,NA,NA,NA,0
"077343-E",9,NA,NA,NA,NA,0
"07HV6Z-E",9,NA,NA,NA,NA,0
"090KJS-E",9,NA,NA,NA,NA,0
"0G1DBJ-E",9,NA,NA,NA,NA,0
"0GS1D8-E",9,NA,NA,NA,NA,0
"0GZZV7-E",9,NA,NA,NA,NA,0
"0H3YZW-E",9,NA,NA,NA,NA,0
"0KKP7W-E",9,NA,NA,NA,NA,0
"0L5LHX-E",9,NA,NA,NA,NA,0
"0N48JW-E",9,NA,NA,NA,NA,0
"0N98Z2-E",9,NA,NA,NA,NA,0
"0V2TTD-E",9,NA,NA,NA,NA,0
"0X1X9V-E",9,NA,NA,NA,NA,0
"0XWH6G-E",9,NA,NA,NA,NA,0
"0XZVRG-E",9,NA,NA,NA,NA,0
"0YW0ZM-E",9,NA,NA,NA,NA,0
"0YY380-E",9,NA,NA,NA,NA,0
"0Z1JCK-E",9,NA,NA,NA,NA,0
"0ZF0FT-E",9,NA,NA,NA,NA,0
"0ZKFSC-E",9,NA,NA,NA,NA,0
"0ZQ6GB-E",9,NA,NA,NA,NA,0
"10K2K6-E",9,NA,NA,NA,NA,0
"10Q5CJ-E",9,NA,NA,NA,NA,0
"10R9Q0-E",9,NA,NA,NA,NA,0
"10TG92-E",9,NA,NA,NA,NA,0
"115L2L-E",9,NA,NA,NA,NA,0
"119FYV-E",9,NA,NA,NA,NA,0
"11CJ3P-E",9,NA,NA,NA,NA,0
"11TG6M-E",9,NA,NA,NA,186161830,0
"126SLK-E",9,NA,NA,NA,NA,0
"1282P0-E",9,NA,NA,NA,NA,0
"12994N-E",9,NA,NA,NA,NA,0
"12QKD6-E",9,NA,NA,NA,NA,0
"12RQC9-E",9,NA,NA,NA,NA,0
"12RXFQ-E",9,NA,NA,NA,NA,0
"12SFFN-E",9,NA,NA,NA,NA,0
"12T37J-E",9,NA,NA,NA,NA,0
"12VBH1-E",9,NA,NA,NA,NA,0
"12YZB0-E",9,NA,NA,NA,NA,0
"130FWN-E",9,NA,NA,NA,NA,0
"130LH8-E",9,NA,NA,NA,NA,0
"130PK3-E",9,NA,NA,NA,NA,0
"130R23-E",9,NA,NA,NA,NA,0
"132L26-E",9,NA,NA,NA,NA,0
"1335MT-E",9,NA,NA,NA,NA,0
"133CD5-E",9,NA,NA,NA,NA,0
"133MC5-E",9,NA,NA,NA,NA,0
"133RBT-E",9,NA,NA,NA,NA,0
"133YK6-E",9,NA,NA,NA,NA,0
"13544H-E",9,NA,NA,NA,NA,0
"135712-E",9,NA,NA,NA,NA,0
"13TDM3-E",9,NA,NA,NA,NA,0
"00BLX8-E",8,NA,NA,NA,NA,0
"05JGN5-E",8,NA,NA,NA,NA,0
"05MSTJ-E",8,NA,NA,NA,NA,0
"0609BT-E",8,NA,NA,NA,NA,0
"07GRHS-E",8,NA,NA,NA,NA,0
"08D5VF-E",8,NA,NA,NA,NA,0
"0BTFQG-E",8,NA,NA,NA,NA,0
"0C90NB-E",8,NA,NA,NA,NA,0
"0H08K0-E",8,NA,NA,NA,NA,0
"0HFWC6-E",8,NA,NA,NA,NA,0
"0M5Z42-E",8,NA,NA,NA,NA,0
"0Q20M0-E",8,NA,NA,NA,NA,0
"0SCPWR-E",8,NA,NA,NA,NA,0
"0XBN09-E",8,NA,NA,NA,NA,0
"0XJ7TN-E",8,NA,NA,NA,NA,0
"0XWZ7D-E",8,NA,NA,NA,NA,0
"0YFJKD-E",8,NA,NA,NA,NA,0
"0Z0S80-E",8,NA,NA,NA,NA,0
"0Z133N-E",8,NA,NA,NA,NA,0
"0ZMJTN-E",8,NA,NA,NA,NA,0
"10H7LK-E",8,NA,NA,NA,NA,0
"10K2KJ-E",8,NA,NA,NA,NA,0
"10PRMF-E",8,NA,NA,NA,NA,0
"10T8KM-E",8,NA,NA,NA,NA,0
"10TDKK-E",8,NA,NA,NA,NA,0
"10WK18-E",8,NA,NA,NA,NA,0
"10WZ48-E",8,NA,NA,NA,35329890.95328,0
"115S1W-E",8,NA,NA,NA,NA,0
"116GFC-E",8,NA,NA,NA,NA,0
"116NWZ-E",8,NA,NA,NA,NA,0
"119QC7-E",8,NA,NA,NA,NA,0
"11B2L1-E",8,NA,NA,NA,NA,0
"11DLM9-E",8,NA,NA,NA,NA,0
"11FDN9-E",8,NA,NA,NA,NA,0
"11K237-E",8,NA,NA,NA,NA,0
"11QVNG-E",8,NA,NA,NA,NA,0
"11SZFB-E",8,NA,NA,NA,NA,0
"11W5VN-E",8,NA,NA,NA,NA,0
"126L5T-E",8,NA,NA,NA,NA,0
"129758-E",8,NA,NA,NA,NA,0
"129CYH-E",8,NA,NA,NA,NA,0
"12R5FJ-E",8,NA,NA,NA,NA,0
"12S88X-E",8,NA,NA,NA,NA,0
"12V4HK-E",8,NA,NA,NA,NA,0
"12X168-E",8,NA,NA,NA,NA,0
"12XLDY-E",8,NA,NA,NA,NA,0
"12XLFL-E",8,NA,NA,NA,NA,0
"1316DM-E",8,NA,NA,NA,NA,0
"134BQ4-E",8,NA,NA,NA,NA,0
"136GN1-E",8,NA,NA,NA,NA,0
"139VP2-E",8,NA,NA,NA,88998000,0
"00FLH7-E",7,NA,NA,NA,NA,0
"04LSQH-E",7,NA,NA,NA,NA,0
"07GKYS-E",7,NA,NA,NA,NA,0
"08BWNG-E",7,NA,NA,NA,NA,0
"0BDP21-E",7,NA,NA,NA,NA,0
"0CBMLC-E",7,NA,NA,NA,NA,0
"0KD9L0-E",7,NA,NA,NA,NA,0
"0KSMYG-E",7,NA,NA,NA,NA,0
"0M1QRT-E",7,NA,NA,NA,NA,0
"0MKT56-E",7,NA,NA,NA,NA,0
"0NJ7NT-E",7,NA,NA,NA,NA,0
"0P5PGH-E",7,NA,NA,NA,NA,0
"0RVT3Z-E",7,NA,NA,NA,NA,0
"0V1SVJ-E",7,NA,NA,NA,NA,0
"0X3FHQ-E",7,NA,NA,NA,80199000,0
"0XB2KJ-E",7,NA,NA,NA,NA,0
"0XPM3H-E",7,NA,NA,NA,179197558.92018,0
"0YRJB4-E",7,NA,NA,NA,NA,0
"0YXJ4T-E",7,NA,NA,NA,NA,0
"0Z4QHZ-E",7,NA,NA,NA,NA,0
"0ZPHNN-E",7,NA,NA,NA,NA,0
"1039ZY-E",7,NA,NA,NA,NA,0
"10Q9SZ-E",7,NA,NA,NA,679791723.1732,0
"10TN3S-E",7,NA,NA,NA,NA,0
"1131N4-E",7,NA,NA,NA,NA,0
"11DYQ3-E",7,NA,NA,NA,NA,0
"11JN5M-E",7,NA,NA,NA,NA,0
"11K9JY-E",7,NA,NA,NA,NA,0
"11YY3Q-E",7,NA,NA,NA,NA,0
"11ZDBZ-E",7,NA,NA,NA,NA,0
"1282GY-E",7,NA,NA,NA,NA,0
"128CP1-E",7,NA,NA,NA,NA,0
"128Y8R-E",7,NA,NA,NA,NA,0
"129QWT-E",7,NA,NA,NA,NA,0
"12PW4J-E",7,NA,NA,NA,NA,0
"12R8YM-E",7,NA,NA,NA,NA,0
"12RM01-E",7,NA,NA,NA,NA,0
"12TJVN-E",7,NA,NA,NA,NA,0
"12TWYD-E",7,NA,NA,NA,NA,0
"12XXHL-E",7,NA,NA,NA,NA,0
"12YPWF-E",7,NA,NA,NA,NA,0
"12ZD51-E",7,NA,NA,NA,NA,0
"12ZD7M-E",7,NA,NA,NA,NA,0
"12ZTLS-E",7,NA,NA,NA,NA,0
"130262-E",7,NA,NA,NA,NA,0
"130WMN-E",7,NA,NA,NA,NA,0
"1316BG-E",7,NA,NA,NA,NA,0
"133G32-E",7,NA,NA,NA,NA,0
"134SCX-E",7,NA,NA,NA,NA,0
"1383Z4-E",7,NA,NA,NA,NA,0
"001F27-E",6,NA,NA,NA,NA,0
"0092NZ-E",6,NA,NA,NA,NA,0
"00G121-E",6,NA,NA,NA,NA,0
"06MRS2-E",6,NA,NA,NA,NA,0
"0CBWT2-E",6,NA,NA,NA,NA,0
"0CRVC9-E",6,NA,NA,NA,NA,0
"0GHH7T-E",6,NA,NA,NA,NA,0
"0GL98S-E",6,NA,NA,NA,NA,0
"0GZ9LM-E",6,NA,NA,NA,NA,0
"0H3TRM-E",6,NA,NA,NA,NA,0
"0HJY3W-E",6,NA,NA,NA,NA,0
"0KPDJF-E",6,NA,NA,NA,NA,0
"0N9M7S-E",6,NA,NA,NA,NA,0
"0NK650-E",6,NA,NA,NA,NA,0
"0PLX8Y-E",6,NA,NA,NA,NA,0
"0PSR5X-E",6,NA,NA,NA,NA,0
"0QSTZJ-E",6,NA,NA,NA,NA,0
"0R49G2-E",6,NA,NA,NA,NA,0
"0T40BS-E",6,NA,NA,NA,NA,0
"0TLMJ4-E",6,NA,NA,NA,NA,0
"0X6GV3-E",6,NA,NA,NA,NA,0
"0Z61JC-E",6,NA,NA,NA,NA,0
"0ZZ6GL-E",6,NA,NA,NA,NA,0
"107ZGS-E",6,NA,NA,NA,NA,0
"111KY4-E",6,NA,NA,NA,NA,0
"11QNVR-E",6,NA,NA,NA,NA,0
"11RPFW-E",6,NA,NA,NA,NA,0
"11WR6V-E",6,NA,NA,NA,NA,0
"129CZT-E",6,NA,NA,NA,NA,0
"129RZS-E",6,NA,NA,NA,NA,0
"12Q3QM-E",6,NA,NA,NA,NA,0
"12RXFW-E",6,NA,NA,NA,NA,0
"12TN4T-E",6,NA,NA,NA,NA,0
"12WSDK-E",6,NA,NA,NA,NA,0
"12WWC7-E",6,NA,NA,NA,NA,0
"12YC87-E",6,NA,NA,NA,NA,0
"12Z2J8-E",6,NA,NA,NA,NA,0
"1308SJ-E",6,NA,NA,NA,NA,0
"131TFL-E",6,NA,NA,NA,NA,0
"135454-E",6,NA,NA,NA,NA,0
"136R3X-E",6,NA,NA,NA,NA,0
"05J0H1-E",5,NA,NA,NA,NA,0
"090ND7-E",5,NA,NA,NA,NA,0
"09GSVS-E",5,NA,NA,NA,NA,0
"09H0GV-E",5,NA,NA,NA,NA,0
"0BQFC2-E",5,NA,NA,NA,NA,0
"0FJNNJ-E",5,NA,NA,NA,NA,0
"0GT77N-E",5,NA,NA,NA,NA,0
"0GZ3N8-E",5,NA,NA,NA,NA,0
"0KCNS1-E",5,NA,NA,NA,94329539.4048,0
"0KPSQK-E",5,NA,NA,NA,NA,0
"0KV7Y1-E",5,NA,NA,NA,NA,0
"0LLN8Z-E",5,NA,NA,NA,NA,0
"0VTTFD-E",5,NA,NA,NA,NA,0
"0W60TQ-E",5,NA,NA,NA,NA,0
"0X1XT8-E",5,NA,NA,NA,NA,0
"0XB0HK-E",5,NA,NA,NA,NA,0
"0XJJCS-E",5,NA,NA,NA,NA,0
"0YZGSD-E",5,NA,NA,NA,NA,0
"0Z4HL2-E",5,NA,NA,NA,NA,0
"10ZD7Q-E",5,NA,NA,NA,NA,0
"118634-E",5,NA,NA,NA,NA,0
"11HXTM-E",5,NA,NA,NA,NA,0
"11NP9V-E",5,NA,NA,NA,NA,0
"11NT7S-E",5,NA,NA,NA,NA,0
"11PGLQ-E",5,NA,NA,NA,NA,0
"11Q8ZX-E",5,NA,NA,NA,NA,0
"1292P2-E",5,NA,NA,NA,NA,0
"129B21-E",5,NA,NA,NA,NA,0
"129K87-E",5,NA,NA,NA,NA,0
"129RMX-E",5,NA,NA,NA,NA,0
"12PPY0-E",5,NA,NA,NA,NA,0
"12S6RG-E",5,NA,NA,NA,NA,0
"12SB4C-E",5,NA,NA,NA,211880628.7029,0
"12SBRZ-E",5,NA,NA,NA,NA,0
"12T23T-E",5,NA,NA,NA,NA,0
"12TN4B-E",5,NA,NA,NA,NA,0
"12TQHC-E",5,NA,NA,NA,NA,0
"12WT46-E",5,NA,NA,NA,NA,0
"12XPDB-E",5,NA,NA,NA,NA,0
"12YGT0-E",5,NA,NA,NA,NA,0
"12ZF67-E",5,NA,NA,NA,NA,0
"12ZGWW-E",5,NA,NA,NA,NA,0
"12ZYRS-E",5,NA,NA,NA,NA,0
"1323QC-E",5,NA,NA,NA,NA,0
"1327WH-E",5,NA,NA,NA,NA,0
"136ZSH-E",5,NA,NA,NA,NA,0
"009SXP-E",4,NA,NA,NA,NA,0
"05LWMP-E",4,NA,NA,NA,NA,0
"0DRBQS-E",4,NA,NA,NA,NA,0
"0FJRHL-E",4,NA,NA,NA,NA,0
"0KQ36S-E",4,NA,NA,NA,NA,0
"0L8DFR-E",4,NA,NA,NA,NA,0
"0LZW6Q-E",4,NA,NA,NA,NA,0
"0NFFV1-E",4,NA,NA,NA,NA,0
"0RGB1R-E",4,NA,NA,NA,NA,0
"0VCMDB-E",4,NA,NA,NA,NA,0
"0XFY51-E",4,NA,NA,NA,NA,0
"0XK1HZ-E",4,NA,NA,NA,NA,0
"0Y21JL-E",4,NA,NA,NA,NA,0
"0YKRC5-E",4,NA,NA,NA,NA,0
"0YPFCM-E",4,NA,NA,NA,NA,0
"0YZ0BV-E",4,NA,NA,NA,NA,0
"0Z204G-E",4,NA,NA,NA,NA,0
"0ZJRKR-E",4,NA,NA,NA,NA,0
"0ZK3NG-E",4,NA,NA,NA,NA,0
"0ZMPHY-E",4,NA,NA,NA,NA,0
"0ZWK0C-E",4,NA,NA,NA,NA,0
"0ZXSW7-E",4,NA,NA,NA,NA,0
"1025PL-E",4,NA,NA,NA,NA,0
"1051JJ-E",4,NA,NA,NA,NA,0
"107KKS-E",4,NA,NA,NA,NA,0
"10K2WD-E",4,NA,NA,NA,NA,0
"10LB1T-E",4,NA,NA,NA,3248810036.20352,0
"10MRZG-E",4,NA,NA,NA,NA,0
"10RVDR-E",4,NA,NA,NA,NA,0
"10W3X0-E",4,NA,NA,NA,NA,0
"10X99K-E",4,NA,NA,NA,NA,0
"117L7P-E",4,NA,NA,NA,NA,0
"11TD3R-E",4,NA,NA,NA,NA,0
"11VZ7S-E",4,NA,NA,NA,NA,0
"126PRT-E",4,NA,NA,NA,NA,0
"128YRJ-E",4,NA,NA,NA,NA,0
"129DJF-E",4,NA,NA,NA,NA,0
"12QB54-E",4,NA,NA,NA,NA,0
"12TCBW-E",4,NA,NA,NA,NA,0
"12ZD6L-E",4,NA,NA,NA,NA,0
"1330PF-E",4,NA,NA,NA,NA,0
"134BQM-E",4,NA,NA,NA,NA,0
"136V8P-E",4,NA,NA,NA,NA,0
"00C65D-E",3,NA,NA,NA,NA,0
"07GDQD-E",3,NA,NA,NA,NA,0
"090S5M-E",3,NA,NA,NA,NA,0
"0CB8F0-E",3,NA,NA,NA,NA,0
"0FBV12-E",3,NA,NA,NA,NA,0
"0FT72P-E",3,NA,NA,NA,NA,0
"0FTSZM-E",3,NA,NA,NA,NA,0
"0JKJ8R-E",3,NA,NA,NA,NA,0
"0LMSCJ-E",3,NA,NA,NA,NA,0
"0MB5MV-E",3,NA,NA,NA,NA,0
"0MST8Z-E",3,NA,NA,NA,294476696.61696,0
"0PFJ7S-E",3,NA,NA,NA,NA,0
"0TTZPL-E",3,NA,NA,NA,NA,0
"0WTK8N-E",3,NA,NA,NA,NA,0
"0X4V0S-E",3,NA,NA,NA,NA,0
"0Y43CD-E",3,NA,NA,NA,NA,0
"0YVZL8-E",3,NA,NA,NA,NA,0
"0ZDYDL-E",3,NA,NA,NA,NA,0
"0ZFRJQ-E",3,NA,NA,NA,NA,0
"0ZKP8X-E",3,NA,NA,NA,401897756.50992,0
"0ZVTTP-E",3,NA,NA,NA,NA,0
"0ZXSJC-E",3,NA,NA,NA,NA,0
"105KXD-E",3,NA,NA,NA,NA,0
"10N9LL-E",3,NA,NA,NA,NA,0
"10WBSK-E",3,NA,NA,NA,NA,0
"11DT3G-E",3,NA,NA,NA,NA,0
"11HNVS-E",3,NA,NA,NA,NA,0
"11NLNC-E",3,NA,NA,NA,NA,0
"11T7CZ-E",3,NA,NA,NA,1399784986.0995,0
"11VF96-E",3,NA,NA,NA,NA,0
"11WXT1-E",3,NA,NA,NA,NA,0
"11WXV1-E",3,NA,NA,NA,NA,0
"12L70R-E",3,NA,NA,NA,NA,0
"12QBBY-E",3,NA,NA,NA,NA,0
"12SJ5M-E",3,NA,NA,NA,1677708084.27904,0
"08VP44-E",2,NA,NA,NA,NA,0
"0BQNL2-E",2,NA,NA,NA,NA,0
"0FJ4J2-E",2,NA,NA,NA,NA,0
"0H68GC-E",2,NA,NA,NA,NA,0
"0HF8PR-E",2,NA,NA,NA,NA,0
"0M7Y0J-E",2,NA,NA,NA,NA,0
"0P5493-E",2,NA,NA,NA,NA,0
"0P6L98-E",2,NA,NA,NA,NA,0
"0PDBPP-E",2,NA,NA,NA,NA,0
"0PR3LN-E",2,NA,NA,NA,NA,0
"0SB2WW-E",2,NA,NA,NA,NA,0
"0TW1FZ-E",2,NA,NA,NA,NA,0
"0VJ1YR-E",2,NA,NA,NA,NA,0
"0VRM8V-E",2,NA,NA,NA,NA,0
"0WJ0LT-E",2,NA,NA,NA,NA,0
"0WYTBB-E",2,NA,NA,NA,NA,0
"0XJYXN-E",2,NA,NA,NA,NA,0
"0XL1B6-E",2,NA,NA,NA,NA,0
"0XTSJ3-E",2,NA,NA,NA,NA,0
"0YHXT3-E",2,NA,NA,NA,NA,0
"0YWGHR-E",2,NA,NA,NA,NA,0
"0YZ7T6-E",2,NA,NA,NA,NA,0
"0YZW2H-E",2,NA,NA,NA,NA,0
"0YZW2X-E",2,NA,NA,NA,NA,0
"0Z1LX5-E",2,NA,NA,NA,795784559.87925,0
"0Z1TMF-E",2,NA,NA,NA,NA,0
"0ZQ626-E",2,NA,NA,NA,NA,0
"1055M9-E",2,NA,NA,NA,NA,0
"109M22-E",2,NA,NA,NA,NA,0
"10JBQM-E",2,NA,NA,NA,NA,0
"10Q59J-E",2,NA,NA,NA,NA,0
"10S3Z4-E",2,NA,NA,NA,NA,0
"10ZY15-E",2,NA,NA,NA,NA,0
"110F5J-E",2,NA,NA,NA,NA,0
"115T51-E",2,NA,NA,NA,NA,0
"11HK96-E",2,NA,NA,NA,NA,0
"11V182-E",2,NA,NA,NA,NA,0
"12Y72L-E",2,NA,NA,NA,NA,0
"1394JF-E",2,NA,NA,NA,NA,0
"00FZ61-E",1,NA,NA,NA,NA,0
"05WD3L-E",1,NA,NA,NA,NA,0
"09ZPVB-E",1,NA,NA,NA,NA,0
"0BMLMC-E",1,NA,NA,NA,NA,0
"0DWD0K-E",1,NA,NA,NA,NA,0
"0FP5G7-E",1,NA,NA,NA,NA,0
"0G1WQ8-E",1,NA,NA,NA,NA,0
"0JRYRC-E",1,NA,NA,NA,NA,0
"0JYJF8-E",1,NA,NA,NA,NA,0
"0JZHS4-E",1,NA,NA,NA,NA,0
"0L2CRB-E",1,NA,NA,NA,NA,0
"0N0NBM-E",1,NA,NA,NA,NA,0
"0PBM5M-E",1,NA,NA,NA,NA,0
"0PKRMD-E",1,NA,NA,NA,NA,0
"0SB82M-E",1,NA,NA,NA,NA,0
"0TL676-E",1,NA,NA,NA,NA,0
"0V25BS-E",1,NA,NA,NA,9117530.90256,0
"0V6259-E",1,NA,NA,NA,NA,0
"0V7XS3-E",1,NA,NA,NA,NA,0
"0WHP9N-E",1,NA,NA,NA,NA,0
"0XW4YD-E",1,NA,NA,NA,NA,0
"0YZP8V-E",1,NA,NA,NA,NA,0
"0Z4BRN-E",1,NA,NA,NA,NA,0
"0ZDY09-E",1,NA,NA,NA,NA,0
"101MS8-E",1,NA,NA,NA,NA,0
"108RFX-E",1,NA,NA,NA,NA,0
"10DDKV-E",1,NA,NA,NA,NA,0
"10G7F5-E",1,NA,NA,NA,NA,0
"10HR4W-E",1,NA,NA,NA,NA,0
"10JJHK-E",1,NA,NA,NA,NA,0
"10P3PT-E",1,NA,NA,NA,NA,0
"116SHP-E",1,NA,NA,NA,NA,0
"117S2T-E",1,NA,NA,NA,NA,0
"1195LQ-E",1,NA,NA,NA,NA,0
"11BP7L-E",1,NA,NA,NA,NA,0
"11FS4Y-E",1,NA,NA,NA,NA,0
"11JYLZ-E",1,NA,NA,NA,851628876.00545,0
"11SC8C-E",1,NA,NA,NA,NA,0
"11W5TR-E",1,NA,NA,NA,NA,0
"12816L-E",1,NA,NA,NA,NA,0
"12VFMH-E",1,NA,NA,NA,NA,0
